Source,Target,weight
Daenerys Targaryen,Tyrion Lannister,52
Cersei Lannister,Jaime Lannister,48
Jon Snow,Tyrion Lannister,44
Jaime Lannister,Tyrion Lannister,41
Daenerys Targaryen,Jon Snow,38
Arya Stark,Tyrion Lannister,38
Arya Stark,Jon Snow,36
Davos Seaworth,Tyrion Lannister,36
Daenerys Targaryen,Jaime Lannister,35
Bran Stark,Tyrion Lannister,33
Arya Stark,Jaime Lannister,33
Arya Stark,Daenerys Targaryen,32
Cersei Lannister,Tyrion Lannister,32
Jaime Lannister,Jon Snow,31
Daenerys Targaryen,Davos Seaworth,31
Davos Seaworth,Jon Snow,31
Bran Stark,Jon Snow,31
Arya Stark,Bran Stark,29
Arya Stark,Cersei Lannister,29
Bran Stark,Daenerys Targaryen,29
Arya Stark,Sansa Stark,27
Davos Seaworth,Jaime Lannister,27
Jon Snow,Sansa Stark,26
Cersei Lannister,Daenerys Targaryen,26
Sansa Stark,Tyrion Lannister,25
Catelyn Stark,Sansa Stark,25
Catelyn Stark,Tyrion Lannister,25
Catelyn Stark,Jon Snow,25
Arya Stark,Davos Seaworth,25
Catelyn Stark,Daenerys Targaryen,24
Daenerys Targaryen,Sansa Stark,24
Cersei Lannister,Jon Snow,24
Bran Stark,Davos Seaworth,23
Jaime Lannister,Sansa Stark,23
Cersei Lannister,Davos Seaworth,21
Arya Stark,Catelyn Stark,21
Bran Stark,Jaime Lannister,20
Bran Stark,Catelyn Stark,20
Bran Stark,Sansa Stark,19
Theon Greyjoy,Tyrion Lannister,19
Davos Seaworth,Theon Greyjoy,18
Jon Snow,Theon Greyjoy,18
Cersei Lannister,Sansa Stark,18
Catelyn Stark,Davos Seaworth,17
Davos Seaworth,Sansa Stark,17
Barristan Selmy,Tyrion Lannister,17
Barristan Selmy,Daenerys Targaryen,16
Arya Stark,Theon Greyjoy,15
Barristan Selmy,Jaime Lannister,15
Bran Stark,Cersei Lannister,15
Jaime Lannister,Samwell Tarly,14
Barristan Selmy,Cersei Lannister,14
Daenerys Targaryen,Theon Greyjoy,14
Samwell Tarly,Sansa Stark,14
Areo Hotah,Jaime Lannister,14
Jaime Lannister,Victarion Greyjoy,13
Cersei Lannister,Theon Greyjoy,13
Bran Stark,Theon Greyjoy,13
Cersei Lannister,Victarion Greyjoy,13
Areo Hotah,Cersei Lannister,13
Arya Stark,Samwell Tarly,12
Jaime Lannister,Theon Greyjoy,12
Asha Greyjoy,Cersei Lannister,11
Asha Greyjoy,Jaime Lannister,11
Jon Snow,Samwell Tarly,10
Cersei Lannister,Samwell Tarly,10
Catelyn Stark,Jaime Lannister,10
Daenerys Targaryen,Quentyn Martell,10
Arianne Martell,Jaime Lannister,10
Quentyn Martell,Tyrion Lannister,10
Jaime Lannister,Quentyn Martell,10
Arianne Martell,Cersei Lannister,10
Areo Hotah,Tyrion Lannister,10
Barristan Selmy,Davos Seaworth,9
Jaime Lannister,Melisandre,8
Arys Oakheart,Jaime Lannister,8
Samwell Tarly,Tyrion Lannister,8
Jon Connington,Tyrion Lannister,8
Melisandre,Tyrion Lannister,8
Areo Hotah,Daenerys Targaryen,8
Eddard Stark,Jon Snow,8
Eddard Stark,Tyrion Lannister,8
Cersei Lannister,Quentyn Martell,8
Aeron Greyjoy,Cersei Lannister,8
Arys Oakheart,Cersei Lannister,8
Asha Greyjoy,Victarion Greyjoy,8
Cersei Lannister,Jon Connington,8
Aeron Greyjoy,Jaime Lannister,8
Barristan Selmy,Quentyn Martell,8
Catelyn Stark,Samwell Tarly,8
Arianne Martell,Sansa Stark,8
Jaime Lannister,Jon Connington,8
Eddard Stark,Sansa Stark,7
Bran Stark,Eddard Stark,7
Catelyn Stark,Theon Greyjoy,7
Arya Stark,Eddard Stark,7
Daenerys Targaryen,Jon Connington,7
Davos Seaworth,Melisandre,7
Aeron Greyjoy,Sansa Stark,7
Arya Stark,Melisandre,7
Bran Stark,Samwell Tarly,7
Daenerys Targaryen,Melisandre,7
Sansa Stark,Theon Greyjoy,7
Arys Oakheart,Sansa Stark,7
Cersei Lannister,Melisandre,7
Daenerys Targaryen,Eddard Stark,7
Catelyn Stark,Eddard Stark,7
Daenerys Targaryen,Samwell Tarly,7
Arianne Martell,Arys Oakheart,7
Areo Hotah,Jon Snow,6
Aeron Greyjoy,Asha Greyjoy,6
Aeron Greyjoy,Arya Stark,6
Merrett Frey,Sansa Stark,6
Merrett Frey,Tyrion Lannister,6
Tyrion Lannister,Victarion Greyjoy,6
Barristan Selmy,Jon Snow,6
Aeron Greyjoy,Victarion Greyjoy,6
Jon Snow,Melisandre,6
Arya Stark,Asha Greyjoy,6
Davos Seaworth,Samwell Tarly,6
Asha Greyjoy,Jon Snow,6
Daenerys Targaryen,Merrett Frey,6
Areo Hotah,Davos Seaworth,6
Arya Stark,Victarion Greyjoy,6
Sansa Stark,Victarion Greyjoy,6
Joffrey Baratheon,Jon Snow,5
Jon Snow,Merrett Frey,5
Areo Hotah,Arya Stark,5
Daenerys Targaryen,Joffrey Baratheon,5
Jaime Lannister,Kevan Lannister,5
Davos Seaworth,Jon Connington,5
Areo Hotah,Barristan Selmy,5
Bran Stark,Merrett Frey,5
Areo Hotah,Quentyn Martell,5
Arianne Martell,Arya Stark,5
Jon Snow,Victarion Greyjoy,5
Catelyn Stark,Merrett Frey,5
Joffrey Baratheon,Tyrion Lannister,5
Barristan Selmy,Jon Connington,5
Arya Stark,Barristan Selmy,5
Asha Greyjoy,Sansa Stark,5
Bran Stark,Kevan Lannister,5
Jaime Lannister,Merrett Frey,5
Melisandre,Theon Greyjoy,5
Kevan Lannister,Tyrion Lannister,5
Davos Seaworth,Kevan Lannister,5
Cressen,Jon Snow,4
Cressen,Daenerys Targaryen,4
Merrett Frey,Samwell Tarly,4
Areo Hotah,Arianne Martell,4
Arya Stark,Merrett Frey,4
Cressen,Theon Greyjoy,4
Bran Stark,Jon Connington,4
Areo Hotah,Jon Connington,4
Areo Hotah,Arys Oakheart,4
Arya Stark,Roose Bolton,4
Cressen,Tyrion Lannister,4
Arianne Martell,Victarion Greyjoy,4
Bran Stark,Roose Bolton,4
Areo Hotah,Bran Stark,4
Arianne Martell,Samwell Tarly,4
Daenerys Targaryen,Kevan Lannister,4
Arya Stark,Joffrey Baratheon,4
Cressen,Sansa Stark,4
Arya Stark,Kevan Lannister,4
Bran Stark,Melisandre,4
Arya Stark,Jon Connington,4
Jon Snow,Roose Bolton,4
Cressen,Davos Seaworth,4
Catelyn Stark,Joffrey Baratheon,4
Daenerys Targaryen,Victarion Greyjoy,4
Areo Hotah,Victarion Greyjoy,4
Jaime Lannister,Roose Bolton,4
Arya Stark,Arys Oakheart,4
Asha Greyjoy,Tyrion Lannister,4
Davos Seaworth,Victarion Greyjoy,4
Roose Bolton,Tyrion Lannister,4
Davos Seaworth,Joffrey Baratheon,4
Jon Snow,Kevan Lannister,4
Davos Seaworth,Quentyn Martell,4
Jon Connington,Jon Snow,4
Theon Greyjoy,Victarion Greyjoy,4
Arys Oakheart,Samwell Tarly,4
Catelyn Stark,Cersei Lannister,4
Cersei Lannister,Joffrey Baratheon,4
Catelyn Stark,Cressen,4
Barristan Selmy,Melisandre,4
Asha Greyjoy,Theon Greyjoy,4
Cersei Lannister,Kevan Lannister,4
Asha Greyjoy,Davos Seaworth,4
Davos Seaworth,Merrett Frey,4
Joffrey Baratheon,Sansa Stark,4
Davos Seaworth,Randyll Tarly,3
Davos Seaworth,Roose Bolton,3
Daenerys Targaryen,Tywin Lannister,3
Daenerys Targaryen,Randyll Tarly,3
Samwell Tarly,Victarion Greyjoy,3
Asha Greyjoy,Samwell Tarly,3
Davos Seaworth,Robb Stark,3
Daenerys Targaryen,Robb Stark,3
Daenerys Targaryen,Roose Bolton,3
Sansa Stark,Will,3
Daenerys Targaryen,Stannis Baratheon,3
Daenerys Targaryen,Ellaria Sand,3
Mance Rayder,Tyrion Lannister,3
Sansa Stark,Tywin Lannister,3
Barristan Selmy,Theon Greyjoy,3
Asha Greyjoy,Melisandre,3
Arya Stark,Podrick Payne,3
Jon Connington,Quentyn Martell,3
Bran Stark,Stannis Baratheon,3
Jon Snow,Stannis Baratheon,3
Arya Stark,Quentyn Martell,3
Catelyn Stark,Will,3
Cersei Lannister,Roose Bolton,3
Stannis Baratheon,Tyrion Lannister,3
Tyrion Lannister,Will,3
Barristan Selmy,Bran Stark,3
Tyrion Lannister,Tywin Lannister,3
Bran Stark,Chett,3
Brynden Rivers,Victarion Greyjoy,3
Brynden Rivers,Tyrion Lannister,3
Jaime Lannister,Joffrey Baratheon,3
Daenerys Targaryen,Mance Rayder,3
Jon Snow,Will,3
Arya Stark,Mance Rayder,3
Arya Stark,Ellaria Sand,3
Jon Snow,Tywin Lannister,3
Cersei Lannister,Podrick Payne,3
Aeron Greyjoy,Jon Snow,3
Arya Stark,Cressen,3
Cersei Lannister,Randyll Tarly,3
Eddard Stark,Will,3
Jaime Lannister,Mance Rayder,3
Bran Stark,Joffrey Baratheon,3
Aeron Greyjoy,Samwell Tarly,3
Catelyn Stark,Robb Stark,3
Ellaria Sand,Jon Snow,3
Davos Seaworth,Stannis Baratheon,3
Ellaria Sand,Jaime Lannister,3
Catelyn Stark,Stannis Baratheon,3
Robb Stark,Tyrion Lannister,3
Chett,Tyrion Lannister,3
Davos Seaworth,Ellaria Sand,3
Bran Stark,Will,3
Bran Stark,Tywin Lannister,3
Areo Hotah,Sansa Stark,3
Arys Oakheart,Victarion Greyjoy,3
Catelyn Stark,Tywin Lannister,3
Randyll Tarly,Tyrion Lannister,3
Ellaria Sand,Tyrion Lannister,3
Jaime Lannister,Randyll Tarly,3
Asha Greyjoy,Barristan Selmy,3
Bran Stark,Randyll Tarly,3
Chett,Jon Snow,3
Chett,Jaime Lannister,3
Barristan Selmy,Victarion Greyjoy,3
Arya Stark,Robb Stark,3
Robb Stark,Sansa Stark,3
Arya Stark,Tywin Lannister,3
Jon Snow,Robb Stark,3
Arianne Martell,Asha Greyjoy,3
Podrick Payne,Sansa Stark,3
Arya Stark,Randyll Tarly,3
Arya Stark,Will,3
Catelyn Stark,Chett,3
Chett,Daenerys Targaryen,3
Chett,Davos Seaworth,3
Bran Stark,Brynden Rivers,2
Nymeria Sand,Sansa Stark,2
Melisandre,Mully,2
Arys Oakheart,Jon Snow,2
Jaime Lannister,Shagwell,2
Melisandre,Randyll Tarly,2
Barristan Selmy,Mary Mertyns,2
Jaime Lannister,Selyse Florent,2
Jaime Lannister,Podrick Payne,2
Barristan Selmy,Mance Rayder,2
Arya Stark,Qyburn,2
Nymeria Sand,Victarion Greyjoy,2
Catelyn Stark,Podrick Payne,2
Cersei Lannister,Mance Rayder,2
Barristan Selmy,Doran Martell,2
Arya Stark,Wylis Manderly,2
Barristan Selmy,Jhogo,2
Cersei Lannister,Mary Mertyns,2
Bran Stark,Cressen,2
Arys Oakheart,Asha Greyjoy,2
Cersei Lannister,Merrett Frey,2
Daenerys Targaryen,Jhogo,2
Melisandre,Victarion Greyjoy,2
Kevan Lannister,Mance Rayder,2
Jaime Lannister,Petyr Baelish,2
Cersei Lannister,Jhogo,2
Cersei Lannister,Nymeria Sand,2
Kevan Lannister,Melisandre,2
Jaime Lannister,Jhogo,2
Jaime Lannister,Qyburn,2
Catelyn Stark,Qyburn,2
Asha Greyjoy,Daenerys Targaryen,2
Cersei Lannister,Selyse Florent,2
Cersei Lannister,Shagwell,2
Mary Mertyns,Tyrion Lannister,2
Jaime Lannister,Nymeria Sand,2
Barristan Selmy,Randyll Tarly,2
Jaime Lannister,Mary Mertyns,2
Jaime Lannister,Robb Stark,2
Barristan Selmy,Sansa Stark,2
Arys Oakheart,Shagwell,2
Barristan Selmy,Selyse Florent,2
Daenerys Targaryen,Doran Martell,2
Arya Stark,Ramsay Snow,2
Daenerys Targaryen,Dancy,2
Cersei Lannister,Goghor the Giant,2
Cersei Lannister,Wylis Manderly,2
Cersei Lannister,Yohn Royce,2
Mully,Tyrion Lannister,2
Arya Stark,Shagwell,2
Chett,Sansa Stark,2
Daenerys Targaryen,Goghor the Giant,2
Cersei Lannister,Ramsay Snow,2
Chett,Samwell Tarly,2
Arya Stark,Mully,2
Arya Stark,Mya Stone,2
Cersei Lannister,Doran Martell,2
Merrett Frey,Roose Bolton,2
Jaime Lannister,Mully,2
Arya Stark,Tommen Baratheon,2
Arya Stark,Stannis Baratheon,2
Arys Oakheart,Nymeria Sand,2
Mya Stone,Sansa Stark,2
Cersei Lannister,Ellaria Sand,2
Jaime Lannister,Salladhor Saan,2
Jaime Lannister,Ramsay Snow,2
Kevan Lannister,Theon Greyjoy,2
Catelyn Stark,Roose Bolton,2
Arys Oakheart,Brienne Tarth,2
Doran Martell,Tyrion Lannister,2
Jaime Lannister,Stannis Baratheon,2
Brynden Rivers,Jon Connington,2
Davos Seaworth,Tommen Baratheon,2
Brienne Tarth,Jaime Lannister,2
Jon Connington,Mance Rayder,2
Eddard Stark,Tywin Lannister,2
Brienne Tarth,Cersei Lannister,2
Catelyn Stark,Dancy,2
Jon Connington,Kevan Lannister,2
Bran Stark,Victarion Greyjoy,2
Randyll Tarly,Theon Greyjoy,2
Jon Snow,Mully,2
Bran Stark,Tommen Baratheon,2
Ramsay Snow,Tyrion Lannister,2
Ramsay Snow,Theon Greyjoy,2
Dancy,Tyrion Lannister,2
Aeron Greyjoy,Catelyn Stark,2
Dancy,Theon Greyjoy,2
Dancy,Sansa Stark,2
Catelyn Stark,Ellaria Sand,2
Qyburn,Sansa Stark,2
Qyburn,Samwell Tarly,2
Areo Hotah,Brynden Rivers,2
Aeron Greyjoy,Arianne Martell,2
Areo Hotah,Doran Martell,2
Aemon Targaryen (son of Maekar I),Tyrion Lannister,2
Jhogo,Jon Connington,2
Dancy,Jon Snow,2
Bran Stark,Robb Stark,2
Areo Hotah,Kevan Lannister,2
Dancy,Davos Seaworth,2
Jon Connington,Mary Mertyns,2
Davos Seaworth,Salladhor Saan,2
Bran Stark,Ramsay Snow,2
Brynden Rivers,Jaime Lannister,2
Davos Seaworth,Podrick Payne,2
Sansa Stark,Stannis Baratheon,2
Sansa Stark,Shagwell,2
Samwell Tarly,Yohn Royce,2
Brynden Rivers,Cersei Lannister,2
Samwell Tarly,Wylis Manderly,2
Brynden Rivers,Daenerys Targaryen,2
Jon Connington,Theon Greyjoy,2
Brynden Rivers,Davos Seaworth,2
Davos Seaworth,Ramsay Snow,2
Davos Seaworth,Mully,2
Sansa Stark,Wylis Manderly,2
Samwell Tarly,Theon Greyjoy,2
Samwell Tarly,Stannis Baratheon,2
Samwell Tarly,Shagwell,2
Salladhor Saan,Tyrion Lannister,2
Ellaria Sand,Merrett Frey,2
Davos Seaworth,Mance Rayder,2
Jon Connington,Victarion Greyjoy,2
Sansa Stark,Yohn Royce,2
Selyse Florent,Tyrion Lannister,2
Brienne Tarth,Shagwell,2
Ellaria Sand,Roose Bolton,2
Brienne Tarth,Sansa Stark,2
Brienne Tarth,Samwell Tarly,2
Roose Bolton,Tommen Baratheon,2
Ellaria Sand,Sansa Stark,2
Roose Bolton,Sansa Stark,2
Jon Connington,Melisandre,2
Areo Hotah,Mance Rayder,2
Tommen Baratheon,Tyrion Lannister,2
Daenerys Targaryen,Salladhor Saan,2
Jaime Lannister,Wylis Manderly,2
Jaime Lannister,Tommen Baratheon,2
Aemon Targaryen (son of Maekar I),Cersei Lannister,2
Jon Snow,Salladhor Saan,2
Bran Stark,Mance Rayder,2
Petyr Baelish,Sansa Stark,2
Arianne Martell,Nymeria Sand,2
Daenerys Targaryen,Selyse Florent,2
Daenerys Targaryen,Mully,2
Jon Snow,Petyr Baelish,2
Arya Stark,Gendry,2
Arianne Martell,Shagwell,2
Daenerys Targaryen,Mary Mertyns,2
Doran Martell,Mance Rayder,2
Jhogo,Tyrion Lannister,2
Barristan Selmy,Goghor the Giant,2
Aemon Targaryen (son of Maekar I),Arya Stark,2
Jon Snow,Tommen Baratheon,2
Arya Stark,Brienne Tarth,2
Daenerys Targaryen,Podrick Payne,2
Arya Stark,Brynden Rivers,2
Arya Stark,Doran Martell,2
Arya Stark,Dancy,2
Aemon Targaryen (son of Maekar I),Jaime Lannister,2
Aemon Targaryen (son of Maekar I),Daenerys Targaryen,2
Doran Martell,Jon Connington,2
Goghor the Giant,Jon Connington,2
Jon Snow,Podrick Payne,2
Goghor the Giant,Tyrion Lannister,2
Bran Stark,Ellaria Sand,2
Joffrey Baratheon,Podrick Payne,2
Areo Hotah,Roose Bolton,2
Jon Snow,Quentyn Martell,2
Doran Martell,Jaime Lannister,2
Gendry,Sansa Stark,2
Jon Snow,Qyburn,2
Jhogo,Quentyn Martell,2
Areo Hotah,Theon Greyjoy,2
Podrick Payne,Tyrion Lannister,2
Arianne Martell,Brienne Tarth,2
Jaime Lannister,Yohn Royce,2
Podrick Payne,Samwell Tarly,2
Jon Snow,Ramsay Snow,2
Arya Stark,Chett,2
Jon Snow,Randyll Tarly,2
Daenerys Targaryen,Will,2
Goghor the Giant,Jaime Lannister,2
Jocelyn Swyft,Jon Snow,1
Joanna Lannister,Tyrion Lannister,1
Jaime Lannister,Loras Tyrell,1
Joanna Lannister,Tanda Stokeworth,1
Jeyne Poole,Tyrion Lannister,1
Jocelyn Swyft,Lum,1
Jaime Lannister,Marselen,1
Jaime Lannister,Leonette Fossoway,1
Joanna Lannister,Sansa Stark,1
Jaime Lannister,Longwater Pyke,1
Jaime Lannister,Lum,1
Jeyne Poole,Varamyr,1
Joanna Lannister,Salladhor Saan,1
Jhogo,Mance Rayder,1
Jaime Lannister,Lyle Crakehall,1
Jhogo,Larraq,1
Jeyne Poole,Theon Greyjoy,1
Jhogo,Marselen,1
Jaime Lannister,Loreza Sand,1
Jeyne Westerling,Urswyck,1
Jaime Lannister,Mace Tyrell,1
Jeyne Westerling,Tyrion Lannister,1
Jaime Lannister,Maegor I Targaryen,1
Jeyne Westerling,Sansa Stark,1
Jeyne Westerling,Robb Stark,1
Jaime Lannister,Margaery Tyrell,1
Jaime Lannister,Marissa Frey,1
Jeyne Westerling,Jon Snow,1
Joanna Lannister,Jon Snow,1
Joanna Lannister,Petyr Baelish,1
Jeyne Poole,Tormund,1
Jaremy Rykker,Todder,1
Jeyne Poole,Randyll Tarly,1
Jaime Lannister,Rodrik Harlaw,1
Janos Slynt,Sansa Stark,1
Jaime Lannister,Quhuru Mo,1
Janos Slynt,Samwell Tarly,1
Janos Slynt,Ryk,1
Janos Slynt,Owen the Oaf,1
Janos Slynt,Mance Rayder,1
Janos Slynt,Kevan Lannister,1
Janos Slynt,Kegs,1
Janos Slynt,Jon Snow,1
Jaime Lannister,Rennifer Longwaters,1
Jaime Lannister,Robert Arryn,1
Jaime Lannister,Yna,1
Jaime Lannister,Yezzan zo Qaggaz,1
Jaime Lannister,Walder Rivers,1
Jaime Lannister,Pycelle,1
Jaime Lannister,Ryk,1
Jaime Lannister,Ryman Frey,1
Jaime Lannister,Varys,1
Jaime Lannister,Varamyr,1
Jaime Lannister,Urswyck,1
Jaime Lannister,Tywin Lannister,1
Jaime Lannister,Tytos Brax,1
Jaime Lannister,Tybero Istarion,1
Jaime Lannister,Tristifer Botley,1
Jaime Lannister,Snatch,1
Jaime Lannister,Tormund,1
Jaime Lannister,Tanda Stokeworth,1
Jaime Lannister,Tagganaro,1
Janos Slynt,Tyrion Lannister,1
Janos Slynt,Tywin Lannister,1
Jeyne Poole,Pate (ranger),1
Jaremy Rykker,Will,1
Jaime Lannister,Moqorro,1
Jeyne Poole,Othell Yarwyck,1
Jeyne Poole,Mully,1
Jaime Lannister,Mord,1
Jeyne Poole,Melisandre,1
Jeyne Poole,Lancel Lannister,1
Jaime Lannister,Mya Stone,1
Jeyne Poole,Kedge Whiteye,1
Jaime Lannister,Myranda Royce,1
Jeyne Poole,Jon Snow,1
Jaime Lannister,Obara Sand,1
Jaime Lannister,Oppo,1
Jaime Lannister,Oswell Kettleblack,1
Jaime Lannister,Othell Yarwyck,1
Jaime Lannister,Philip Plumm,1
Jaime Lannister,Owen Merryweather,1
Jaremy Rykker,Viserys Targaryen,1
Jaremy Rykker,Tyrion Lannister,1
Jaime Lannister,Sybelle Glover,1
Jaremy Rykker,Sansa Stark,1
Jaremy Rykker,Samwell Tarly,1
Jaime Lannister,Owen the Oaf,1
Jaremy Rykker,Pypar,1
Jaremy Rykker,Merrett Frey,1
Jaime Lannister,Pate (ranger),1
Jaime Lannister,Penny,1
Jaremy Rykker,Matthar,1
Jaremy Rykker,Jon Snow,1
Jaime Lannister,Leo Tyrell (son of Moryn),1
Harsley,Stannis Baratheon,1
Jaime Lannister,Larraq,1
Emrick,Melisandre,1
Euron Greyjoy,Victarion Greyjoy,1
Euron Greyjoy,Jaime Lannister,1
Erik Ironmaker,Victarion Greyjoy,1
Erik Ironmaker,Jaime Lannister,1
Erik Ironmaker,Euron Greyjoy,1
Emrick,Varamyr,1
Emrick,Tyrion Lannister,1
Emrick,Tormund,1
Emrick,Theon Greyjoy,1
Emrick,Randyll Tarly,1
Emrick,Pate (ranger),1
Emrick,Othell Yarwyck,1
Emrick,Mully,1
Emrick,Lancel Lannister,1
Fletcher Dick,Jaime Lannister,1
Emrick,Kedge Whiteye,1
Emrick,Jon Snow,1
Emrick,Jeyne Poole,1
Emrick,Jaime Lannister,1
Emrick,Halleck,1
Emmett,Varamyr,1
Emmett,Tyrion Lannister,1
Emmett,Tormund,1
Emmett,Theon Greyjoy,1
Emmett,Randyll Tarly,1
Emmett,Pate (ranger),1
Emmett,Othell Yarwyck,1
Emmett,Mully,1
Fletcher Dick,Harsley,1
Fletcher Dick,Jon Snow,1
Emmett,Lancel Lannister,1
Gendry,Samwell Tarly,1
Gevin Harlaw,Theon Greyjoy,1
Gevin Harlaw,Stygg,1
Gevin Harlaw,Sansa Stark,1
Gevin Harlaw,Samwell Tarly,1
Gevin Harlaw,Osha,1
Gevin Harlaw,Jon Snow,1
Gevin Harlaw,Harrag Sharp,1
Gendry,Yoren,1
Gendry,Victarion Greyjoy,1
Gendry,Tyrion Lannister,1
Gendry,Theon Greyjoy,1
Gendry,Stannis Baratheon,1
Gendry,Shagwell,1
Gendry,Pylos,1
Fletcher Dick,Merrett Frey,1
Gendry,Podrick Payne,1
Gendry,Pia,1
Gendry,Patchface,1
Gendry,Nymeria Sand,1
Gendry,Lommy Greenhands,1
Gendry,Jon Snow,1
Gendry,Jaime Lannister,1
Gendry,High Sparrow,1
Fletcher Dick,Tyrion Lannister,1
Fletcher Dick,Stannis Baratheon,1
Fletcher Dick,Sansa Stark,1
Fletcher Dick,Samwell Tarly,1
Fletcher Dick,Qyburn,1
Emmett,Melisandre,1
Emmett,Kedge Whiteye,1
Jaime Lannister,Lancel Lannister,1
Drogo,Tyrion Lannister,1
Edmure Tully,Jaime Lannister,1
Edmure Tully,Ilyn Payne,1
Eddard Stark,Viserys Targaryen,1
Eddard Stark,Todder,1
Eddard Stark,Samwell Tarly,1
Eddard Stark,Pypar,1
Eddard Stark,Mya Stone,1
Eddard Stark,Merrett Frey,1
Eddard Stark,Matthar,1
Eddard Stark,Joss Stilwood,1
Eddard Stark,Jaremy Rykker,1
Drogo,Yezzan zo Qaggaz,1
Drogo,Victarion Greyjoy,1
Drogo,Tybero Istarion,1
Edmure Tully,Obara Sand,1
Drogo,Snatch,1
Drogo,Randyll Tarly,1
Drogo,Penny,1
Drogo,Oppo,1
Drogo,Moqorro,1
Drogo,Melisandre,1
Drogo,Mary Mertyns,1
Drogo,Mance Rayder,1
Drogo,Kevan Lannister,1
Drogo,Kasporio,1
Drogo,Jon Connington,1
Drogo,Jaime Lannister,1
Drogo,Illyrio Mopatis,1
Edmure Tully,Lyle Crakehall,1
Edmure Tully,Philip Plumm,1
Emmett,Jon Snow,1
Ellaria Sand,Leonette Fossoway,1
Emmett,Jeyne Poole,1
Emmett,Jaime Lannister,1
Emmett,Halleck,1
Emmett,Emrick,1
Ellaria Sand,Varys,1
Ellaria Sand,Tommen Baratheon,1
Ellaria Sand,Samwell Tarly,1
Ellaria Sand,Ryman Frey,1
Ellaria Sand,Robert Arryn,1
Ellaria Sand,Robb Stark,1
Ellaria Sand,Quentyn Martell,1
Ellaria Sand,Podrick Payne,1
Ellaria Sand,Marissa Frey,1
Ellaria Sand,Joffrey Baratheon,1
Edmure Tully,Rennifer Longwaters,1
Edric Storm,Tyrion Lannister,1
Edric Storm,Tanda Stokeworth,1
Edric Storm,Sansa Stark,1
Edric Storm,Salladhor Saan,1
Edric Storm,Petyr Baelish,1
Edric Storm,Jon Snow,1
Edric Storm,Joanna Lannister,1
Edric Storm,Jaime Lannister,1
Edmure Tully,Wylis Manderly,1
Edmure Tully,Tytos Brax,1
Edmure Tully,Shagwell,1
Edmure Tully,Sansa Stark,1
Edmure Tully,Samwell Tarly,1
Gevin Harlaw,Tyrion Lannister,1
Gevin Harlaw,Urzen,1
Gilly,Jaime Lannister,1
Hugo Wull,Tyrion Lannister,1
Illyrio Mopatis,Snatch,1
Illyrio Mopatis,Randyll Tarly,1
Illyrio Mopatis,Penny,1
Illyrio Mopatis,Oppo,1
Illyrio Mopatis,Moqorro,1
Illyrio Mopatis,Melisandre,1
Illyrio Mopatis,Mary Mertyns,1
Illyrio Mopatis,Mance Rayder,1
Illyrio Mopatis,Kevan Lannister,1
Illyrio Mopatis,Kasporio,1
Illyrio Mopatis,Jon Connington,1
Illyrio Mopatis,Jaime Lannister,1
Hugo Wull,Victarion Greyjoy,1
Hugo Wull,Theon Greyjoy,1
Illyrio Mopatis,Tyrion Lannister,1
Hugo Wull,Melisandre,1
Hugo Wull,Jon Snow,1
Hugo Wull,Jaime Lannister,1
Horton Redfort,Yohn Royce,1
Horton Redfort,Sansa Stark,1
Horton Redfort,Samwell Tarly,1
Horton Redfort,Myranda Royce,1
Horton Redfort,Mya Stone,1
Horton Redfort,Maegor I Targaryen,1
Horton Redfort,Jaime Lannister,1
High Sparrow,Victarion Greyjoy,1
High Sparrow,Shagwell,1
High Sparrow,Sansa Stark,1
Illyrio Mopatis,Tybero Istarion,1
Illyrio Mopatis,Victarion Greyjoy,1
Gilly,Merrett Frey,1
Jacelyn Bywater,Preston Greenfield,1
Jaime Lannister,Kegs,1
Jaime Lannister,Kedge Whiteye,1
Jaime Lannister,Kasporio,1
Jaime Lannister,Jonos Bracken,1
Jaime Lannister,Jocelyn Swyft,1
Jaime Lannister,Joanna Lannister,1
Jaime Lannister,Jeyne Westerling,1
Jaime Lannister,Jeyne Poole,1
Jaime Lannister,Janos Slynt,1
Jacelyn Bywater,Tyrion Lannister,1
Jacelyn Bywater,Timett,1
Jacelyn Bywater,Theon Greyjoy,1
Jacelyn Bywater,Sansa Stark,1
Jacelyn Bywater,Podrick Payne,1
Illyrio Mopatis,Yezzan zo Qaggaz,1
Jacelyn Bywater,Parmen Crane,1
Jacelyn Bywater,Jon Snow,1
Jacelyn Bywater,Joffrey Baratheon,1
Ilyn Payne,Wylis Manderly,1
Ilyn Payne,Tytos Brax,1
Ilyn Payne,Shagwell,1
Ilyn Payne,Sansa Stark,1
Ilyn Payne,Samwell Tarly,1
Ilyn Payne,Rennifer Longwaters,1
Ilyn Payne,Philip Plumm,1
Ilyn Payne,Obara Sand,1
Ilyn Payne,Lyle Crakehall,1
Ilyn Payne,Jaime Lannister,1
High Sparrow,Samwell Tarly,1
High Sparrow,Podrick Payne,1
High Sparrow,Nymeria Sand,1
Godry Farring,Mance Rayder,1
Gretchel,Sansa Stark,1
Gretchel,Samwell Tarly,1
Gretchel,Oswell Kettleblack,1
Gretchel,Mord,1
Gretchel,Jaime Lannister,1
Goghor the Giant,Selyse Florent,1
Goghor the Giant,Quentyn Martell,1
Goghor the Giant,Marselen,1
Goghor the Giant,Mance Rayder,1
Goghor the Giant,Jhogo,1
Godry Farring,Tyrion Lannister,1
Godry Farring,Quentyn Martell,1
Godry Farring,Marselen,1
Godry Farring,Jon Connington,1
High Sparrow,Jaime Lannister,1
Godry Farring,Jhogo,1
Godry Farring,Jaime Lannister,1
Godry Farring,Goghor the Giant,1
Godric Borrell,Tyrion Lannister,1
Godric Borrell,Theon Greyjoy,1
Godric Borrell,Salladhor Saan,1
Godric Borrell,Melisandre,1
Godric Borrell,Kevan Lannister,1
Godric Borrell,Jon Snow,1
Godric Borrell,Jon Connington,1
Godric Borrell,Jaime Lannister,1
Gilly,Tyrion Lannister,1
Gilly,Sansa Stark,1
Gretchel,Yohn Royce,1
Halleck,Jaime Lannister,1
Halleck,Jeyne Poole,1
Halleck,Jon Snow,1
Harsley,Tyrion Lannister,1
Jocelyn Swyft,Margaery Tyrell,1
Harsley,Sansa Stark,1
Harsley,Samwell Tarly,1
Harsley,Qyburn,1
Harsley,Merrett Frey,1
Harsley,Jon Snow,1
Harsley,Jaime Lannister,1
Harrag Sharp,Urzen,1
Harrag Sharp,Tyrion Lannister,1
Harrag Sharp,Theon Greyjoy,1
Harrag Sharp,Stygg,1
Harrag Sharp,Sansa Stark,1
Harrag Sharp,Samwell Tarly,1
Harrag Sharp,Osha,1
Harrag Sharp,Jon Snow,1
Halleck,Varamyr,1
Halleck,Tyrion Lannister,1
Halleck,Tormund,1
Halleck,Theon Greyjoy,1
Halleck,Randyll Tarly,1
Halleck,Pate (ranger),1
Halleck,Othell Yarwyck,1
Halleck,Mully,1
Halleck,Melisandre,1
Halleck,Lancel Lannister,1
Halleck,Kedge Whiteye,1
Jocelyn Swyft,Mace Tyrell,1
Aemon Steelsong,Arya Stark,1
Jocelyn Swyft,Qyburn,1
Pate (ranger),Tormund,1
Philip Plumm,Rennifer Longwaters,1
Petyr Baelish,Tyrion Lannister,1
Petyr Baelish,Tanda Stokeworth,1
Petyr Baelish,Samwell Tarly,1
Petyr Baelish,Salladhor Saan,1
Petyr Baelish,Quhuru Mo,1
Penny,Yezzan zo Qaggaz,1
Penny,Victarion Greyjoy,1
Penny,Tyrion Lannister,1
Penny,Tybero Istarion,1
Penny,Snatch,1
Penny,Randyll Tarly,1
Pate (ranger),Varamyr,1
Pate (ranger),Tyrion Lannister,1
Pate (ranger),Theon Greyjoy,1
Moqorro,Oppo,1
Pate (ranger),Randyll Tarly,1
Patchface,Yoren,1
Patchface,Tyrion Lannister,1
Patchface,Theon Greyjoy,1
Patchface,Stannis Baratheon,1
Patchface,Sansa Stark,1
Patchface,Pylos,1
Patchface,Pia,1
Parmen Crane,Tyrion Lannister,1
Parmen Crane,Timett,1
Parmen Crane,Theon Greyjoy,1
Parmen Crane,Sansa Stark,1
Parmen Crane,Preston Greenfield,1
Parmen Crane,Podrick Payne,1
Philip Plumm,Samwell Tarly,1
Philip Plumm,Sansa Stark,1
Philip Plumm,Shagwell,1
Philip Plumm,Tytos Brax,1
Pypar,Tyrion Lannister,1
Pypar,Todder,1
Pypar,Sansa Stark,1
Pypar,Samwell Tarly,1
Pylos,Yoren,1
Pylos,Tyrion Lannister,1
Pylos,Theon Greyjoy,1
Pylos,Stannis Baratheon,1
Pylos,Sansa Stark,1
Pycelle,Wylis Manderly,1
Pycelle,Sansa Stark,1
Pycelle,Samwell Tarly,1
Preston Greenfield,Tyrion Lannister,1
Preston Greenfield,Timett,1
Preston Greenfield,Theon Greyjoy,1
Preston Greenfield,Sansa Stark,1
Podrick Payne,Victarion Greyjoy,1
Podrick Payne,Timett,1
Podrick Payne,Theon Greyjoy,1
Podrick Payne,Shagwell,1
Podrick Payne,Roose Bolton,1
Podrick Payne,Preston Greenfield,1
Pia,Yoren,1
Pia,Tyrion Lannister,1
Pia,Theon Greyjoy,1
Pia,Stannis Baratheon,1
Pia,Sansa Stark,1
Pia,Pylos,1
Philip Plumm,Wylis Manderly,1
Owen the Oaf,Tywin Lannister,1
Owen the Oaf,Tyrion Lannister,1
Owen the Oaf,Sansa Stark,1
Obara Sand,Sansa Stark,1
Obara Sand,Rennifer Longwaters,1
Obara Sand,Philip Plumm,1
Nymeria Sand,Shagwell,1
Nymeria Sand,Samwell Tarly,1
Nymeria Sand,Podrick Payne,1
Myranda Royce,Yohn Royce,1
Myranda Royce,Sansa Stark,1
Myranda Royce,Samwell Tarly,1
Mya Stone,Yohn Royce,1
Mya Stone,Tywin Lannister,1
Mya Stone,Tyrion Lannister,1
Mya Stone,Samwell Tarly,1
Mya Stone,Myranda Royce,1
Mully,Varamyr,1
Mully,Tormund,1
Mully,Theon Greyjoy,1
Mully,Randyll Tarly,1
Mully,Pate (ranger),1
Mully,Othell Yarwyck,1
Mord,Yohn Royce,1
Mord,Sansa Stark,1
Mord,Samwell Tarly,1
Mord,Oswell Kettleblack,1
Moqorro,Yezzan zo Qaggaz,1
Moqorro,Victarion Greyjoy,1
Moqorro,Tyrion Lannister,1
Moqorro,Tybero Istarion,1
Moqorro,Snatch,1
Moqorro,Randyll Tarly,1
Obara Sand,Samwell Tarly,1
Obara Sand,Shagwell,1
Owen the Oaf,Samwell Tarly,1
Obara Sand,Tytos Brax,1
Owen the Oaf,Ryk,1
Owen Merryweather,Tyrion Lannister,1
Owen Merryweather,Selyse Florent,1
Owen Merryweather,Quentyn Martell,1
Othell Yarwyck,Varamyr,1
Othell Yarwyck,Tyrion Lannister,1
Othell Yarwyck,Tormund,1
Othell Yarwyck,Theon Greyjoy,1
Othell Yarwyck,Randyll Tarly,1
Othell Yarwyck,Pate (ranger),1
Oswell Kettleblack,Yohn Royce,1
Oswell Kettleblack,Sansa Stark,1
Oswell Kettleblack,Samwell Tarly,1
Osha,Urzen,1
Osha,Tyrion Lannister,1
Osha,Theon Greyjoy,1
Osha,Stygg,1
Osha,Sansa Stark,1
Osha,Samwell Tarly,1
Osfryd Kettleblack,Tyrion Lannister,1
Osfryd Kettleblack,Sansa Stark,1
Oppo,Yezzan zo Qaggaz,1
Oppo,Victarion Greyjoy,1
Oppo,Tyrion Lannister,1
Oppo,Tybero Istarion,1
Oppo,Snatch,1
Oppo,Randyll Tarly,1
Oppo,Penny,1
Obara Sand,Wylis Manderly,1
Pypar,Viserys Targaryen,1
Pypar,Will,1
Quentyn Martell,Selyse Florent,1
Theon Greyjoy,Tormund,1
Theon Greyjoy,Timett,1
Tanda Stokeworth,Tyrion Lannister,1
Tagganaro,Yna,1
Sybelle Glover,Victarion Greyjoy,1
Stygg,Urzen,1
Stygg,Tyrion Lannister,1
Stygg,Theon Greyjoy,1
Stannis Baratheon,Yoren,1
Stannis Baratheon,Theon Greyjoy,1
Snatch,Yezzan zo Qaggaz,1
Snatch,Victarion Greyjoy,1
Snatch,Tyrion Lannister,1
Snatch,Tybero Istarion,1
Shagwell,Wylis Manderly,1
Shagwell,Victarion Greyjoy,1
Shagwell,Tytos Brax,1
Sansa Stark,Yoren,1
Sansa Stark,Yna,1
Sansa Stark,Waltyr Frey,1
Sansa Stark,Viserys Targaryen,1
Sansa Stark,Utherydes Wayn,1
Sansa Stark,Urzen,1
Sansa Stark,Urswyck,1
Sansa Stark,Tytos Brax,1
Sansa Stark,Tyrek Lannister,1
Sansa Stark,Tommen Baratheon,1
Sansa Stark,Todder,1
Sansa Stark,Timett,1
Sansa Stark,Tanda Stokeworth,1
Theon Greyjoy,Tommen Baratheon,1
Theon Greyjoy,Tristifer Botley,1
Sansa Stark,Stygg,1
Theon Greyjoy,Tyrek Lannister,1
Victarion Greyjoy,Yezzan zo Qaggaz,1
Tytos Brax,Wylis Manderly,1
Tyrion Lannister,Yoren,1
Tyrion Lannister,Yezzan zo Qaggaz,1
Tyrion Lannister,Waltyr Frey,1
Tyrion Lannister,Viserys Targaryen,1
Tyrion Lannister,Varys,1
Tyrion Lannister,Varamyr,1
Tyrion Lannister,Utherydes Wayn,1
Tyrion Lannister,Urzen,1
Tyrion Lannister,Urswyck,1
Tyrek Lannister,Tyrion Lannister,1
Tybero Istarion,Yezzan zo Qaggaz,1
Tybero Istarion,Victarion Greyjoy,1
Tybero Istarion,Tyrion Lannister,1
Tristifer Botley,Victarion Greyjoy,1
Tristifer Botley,Tyrion Lannister,1
Tormund,Varamyr,1
Tormund,Tyrion Lannister,1
Tommen Baratheon,Victarion Greyjoy,1
Todder,Will,1
Todder,Viserys Targaryen,1
Todder,Tyrion Lannister,1
Timett,Tyrion Lannister,1
Theon Greyjoy,Yoren,1
Theon Greyjoy,Waltyr Frey,1
Theon Greyjoy,Varamyr,1
Theon Greyjoy,Utherydes Wayn,1
Theon Greyjoy,Urzen,1
Sansa Stark,Tagganaro,1
Samwell Tarly,Yna,1
Quentyn Martell,Varys,1
Robb Stark,Tommen Baratheon,1
Robb Stark,Ryman Frey,1
Robb Stark,Roose Bolton,1
Robb Stark,Robert Arryn,1
Rennifer Longwaters,Wylis Manderly,1
Rennifer Longwaters,Tytos Brax,1
Rennifer Longwaters,Shagwell,1
Rennifer Longwaters,Sansa Stark,1
Rennifer Longwaters,Samwell Tarly,1
Renly Baratheon,Tyrion Lannister,1
Renly Baratheon,Tyrek Lannister,1
Renly Baratheon,Theon Greyjoy,1
Renly Baratheon,Sansa Stark,1
Randyll Tarly,Yezzan zo Qaggaz,1
Randyll Tarly,Victarion Greyjoy,1
Randyll Tarly,Varamyr,1
Randyll Tarly,Tybero Istarion,1
Randyll Tarly,Tormund,1
Randyll Tarly,Snatch,1
Ramsay Snow,Victarion Greyjoy,1
Ramsay Snow,Tommen Baratheon,1
Ramsay Snow,Roose Bolton,1
Ragwyle,Tyrion Lannister,1
Ragwyle,Theon Greyjoy,1
Ragwyle,Sansa Stark,1
Qyburn,Victarion Greyjoy,1
Qyburn,Tyrion Lannister,1
Qyburn,Stannis Baratheon,1
Quhuru Mo,Sansa Stark,1
Quhuru Mo,Samwell Tarly,1
Robb Stark,Theon Greyjoy,1
Robb Stark,Urswyck,1
Samwell Tarly,Will,1
Robb Stark,Utherydes Wayn,1
Samwell Tarly,Viserys Targaryen,1
Samwell Tarly,Urzen,1
Samwell Tarly,Tywin Lannister,1
Samwell Tarly,Tytos Brax,1
Samwell Tarly,Tristifer Botley,1
Samwell Tarly,Todder,1
Samwell Tarly,Tagganaro,1
Samwell Tarly,Stygg,1
Salladhor Saan,Theon Greyjoy,1
Salladhor Saan,Tanda Stokeworth,1
Salladhor Saan,Sansa Stark,1
Ryman Frey,Tyrion Lannister,1
Ryman Frey,Tommen Baratheon,1
Ryman Frey,Sansa Stark,1
Ryk,Tywin Lannister,1
Ryk,Tyrion Lannister,1
Ryk,Sansa Stark,1
Ryk,Samwell Tarly,1
Roose Bolton,Victarion Greyjoy,1
Roose Bolton,Theon Greyjoy,1
Roose Bolton,Samwell Tarly,1
Roose Bolton,Ryman Frey,1
Rodrik Harlaw,Victarion Greyjoy,1
Rodrik Harlaw,Sansa Stark,1
Robert Arryn,Tyrion Lannister,1
Robert Arryn,Tommen Baratheon,1
Robert Arryn,Sansa Stark,1
Robert Arryn,Ryman Frey,1
Robert Arryn,Roose Bolton,1
Moqorro,Penny,1
Merrett Frey,Will,1
Jocelyn Swyft,Samwell Tarly,1
Jonos Bracken,Tyrion Lannister,1
Kasporio,Victarion Greyjoy,1
Kasporio,Tyrion Lannister,1
Kasporio,Tybero Istarion,1
Kasporio,Snatch,1
Kasporio,Randyll Tarly,1
Kasporio,Penny,1
Kasporio,Oppo,1
Kasporio,Moqorro,1
Kasporio,Melisandre,1
Kasporio,Mary Mertyns,1
Kasporio,Mance Rayder,1
Kasporio,Kevan Lannister,1
Joss Stilwood,Tyrion Lannister,1
Joss Stilwood,Sansa Stark,1
Jonos Bracken,Mully,1
Merrett Frey,Viserys Targaryen,1
Jonos Bracken,Melisandre,1
Jon Snow,Yoren,1
Jon Snow,Waltyr Frey,1
Jon Snow,Viserys Targaryen,1
Jon Snow,Varys,1
Jon Snow,Varamyr,1
Jon Snow,Utherydes Wayn,1
Jon Snow,Urzen,1
Jon Snow,Urswyck,1
Doran Martell,Yezzan zo Qaggaz,1
Jon Snow,Tristifer Botley,1
Jon Snow,Tormund,1
Jon Snow,Todder,1
Jon Snow,Timett,1
Kasporio,Yezzan zo Qaggaz,1
Kedge Whiteye,Lancel Lannister,1
Kedge Whiteye,Melisandre,1
Kedge Whiteye,Mully,1
Kevan Lannister,Tywin Lannister,1
Kevan Lannister,Tybero Istarion,1
Kevan Lannister,Snatch,1
Kevan Lannister,Sansa Stark,1
Kevan Lannister,Samwell Tarly,1
Kevan Lannister,Salladhor Saan,1
Kevan Lannister,Ryk,1
Kevan Lannister,Randyll Tarly,1
Kevan Lannister,Ramsay Snow,1
Kevan Lannister,Penny,1
Kevan Lannister,Owen the Oaf,1
Kevan Lannister,Oppo,1
Kevan Lannister,Moqorro,1
Kevan Lannister,Mary Mertyns,1
Kegs,Tywin Lannister,1
Kegs,Tyrion Lannister,1
Kegs,Sansa Stark,1
Kegs,Samwell Tarly,1
Kegs,Ryk,1
Kegs,Owen the Oaf,1
Kegs,Mance Rayder,1
Kegs,Kevan Lannister,1
Kedge Whiteye,Varamyr,1
Kedge Whiteye,Tyrion Lannister,1
Kedge Whiteye,Tormund,1
Kedge Whiteye,Theon Greyjoy,1
Kedge Whiteye,Randyll Tarly,1
Kedge Whiteye,Pate (ranger),1
Kedge Whiteye,Othell Yarwyck,1
Jon Snow,Tanda Stokeworth,1
Jon Snow,Stygg,1
Jon Snow,Ryman Frey,1
Jon Snow,Joss Stilwood,1
Jon Connington,Yezzan zo Qaggaz,1
Jon Connington,Tybero Istarion,1
Jon Connington,Tommen Baratheon,1
Jon Connington,Snatch,1
Jon Connington,Selyse Florent,1
Jon Connington,Salladhor Saan,1
Jon Connington,Roose Bolton,1
Jon Connington,Randyll Tarly,1
Jon Connington,Ramsay Snow,1
Jon Connington,Penny,1
Jon Connington,Oppo,1
Jon Connington,Moqorro,1
Jon Connington,Marselen,1
Jon Connington,Larraq,1
Jon Connington,Kasporio,1
Joffrey Baratheon,Timett,1
Joffrey Baratheon,Theon Greyjoy,1
Joffrey Baratheon,Samwell Tarly,1
Joffrey Baratheon,Roose Bolton,1
Joffrey Baratheon,Preston Greenfield,1
Joffrey Baratheon,Parmen Crane,1
Joffrey Baratheon,Osfryd Kettleblack,1
Joffrey Baratheon,Merrett Frey,1
Joffrey Baratheon,Mary Mertyns,1
Joffrey Baratheon,Loras Tyrell,1
Joffrey Baratheon,Leonette Fossoway,1
Joffrey Baratheon,Jon Connington,1
Jocelyn Swyft,Victarion Greyjoy,1
Jocelyn Swyft,Sansa Stark,1
Jon Snow,Jonos Bracken,1
Jon Snow,Kedge Whiteye,1
Jon Snow,Ryk,1
Jon Snow,Kegs,1
Jon Snow,Rodrik Harlaw,1
Jon Snow,Robert Arryn,1
Jon Snow,Renly Baratheon,1
Jon Snow,Ragwyle,1
Jon Snow,Quhuru Mo,1
Jon Snow,Pypar,1
Jon Snow,Pylos,1
Jon Snow,Preston Greenfield,1
Jon Snow,Pia,1
Jon Snow,Pate (ranger),1
Jon Snow,Patchface,1
Jon Snow,Parmen Crane,1
Jon Snow,Owen the Oaf,1
Jon Snow,Othell Yarwyck,1
Jon Snow,Osha,1
Jon Snow,Osfryd Kettleblack,1
Jon Snow,Mya Stone,1
Jon Snow,Matthar,1
Jon Snow,Mary Mertyns,1
Jon Snow,Marissa Frey,1
Jon Snow,Margaery Tyrell,1
Jon Snow,Mance Rayder,1
Jon Snow,Mace Tyrell,1
Jon Snow,Lum,1
Jon Snow,Loras Tyrell,1
Jon Snow,Lommy Greenhands,1
Jon Snow,Leonette Fossoway,1
Jon Snow,Leo Tyrell (son of Moryn),1
Jon Snow,Lancel Lannister,1
Kevan Lannister,Victarion Greyjoy,1
Kevan Lannister,Yezzan zo Qaggaz,1
Lancel Lannister,Melisandre,1
Mary Mertyns,Yezzan zo Qaggaz,1
Mary Mertyns,Tybero Istarion,1
Mary Mertyns,Snatch,1
Mary Mertyns,Randyll Tarly,1
Mary Mertyns,Penny,1
Mary Mertyns,Oppo,1
Mary Mertyns,Moqorro,1
Mary Mertyns,Melisandre,1
Marselen,Tyrion Lannister,1
Marselen,Quentyn Martell,1
Marissa Frey,Tyrion Lannister,1
Marissa Frey,Tommen Baratheon,1
Marissa Frey,Sansa Stark,1
Marissa Frey,Ryman Frey,1
Marissa Frey,Roose Bolton,1
Marissa Frey,Robert Arryn,1
Marissa Frey,Robb Stark,1
Marissa Frey,Merrett Frey,1
Margaery Tyrell,Victarion Greyjoy,1
Margaery Tyrell,Sansa Stark,1
Margaery Tyrell,Samwell Tarly,1
Margaery Tyrell,Qyburn,1
Mance Rayder,Yezzan zo Qaggaz,1
Mance Rayder,Victarion Greyjoy,1
Mance Rayder,Tywin Lannister,1
Mance Rayder,Tybero Istarion,1
Mance Rayder,Snatch,1
Mance Rayder,Sansa Stark,1
Mance Rayder,Samwell Tarly,1
Mance Rayder,Ryk,1
Mary Mertyns,Victarion Greyjoy,1
Matthar,Merrett Frey,1
Mance Rayder,Quentyn Martell,1
Matthar,Pypar,1
Merrett Frey,Tommen Baratheon,1
Merrett Frey,Todder,1
Merrett Frey,Stannis Baratheon,1
Merrett Frey,Ryman Frey,1
Merrett Frey,Robert Arryn,1
Merrett Frey,Robb Stark,1
Merrett Frey,Qyburn,1
Merrett Frey,Pypar,1
Merrett Frey,Podrick Payne,1
Melisandre,Yezzan zo Qaggaz,1
Melisandre,Varamyr,1
Melisandre,Tybero Istarion,1
Melisandre,Tormund,1
Melisandre,Snatch,1
Melisandre,Selyse Florent,1
Melisandre,Salladhor Saan,1
Melisandre,Quentyn Martell,1
Melisandre,Penny,1
Melisandre,Pate (ranger),1
Melisandre,Owen Merryweather,1
Melisandre,Othell Yarwyck,1
Melisandre,Oppo,1
Melisandre,Moqorro,1
Matthar,Will,1
Matthar,Viserys Targaryen,1
Matthar,Tyrion Lannister,1
Matthar,Todder,1
Matthar,Sansa Stark,1
Matthar,Samwell Tarly,1
Mance Rayder,Randyll Tarly,1
Mance Rayder,Penny,1
Lancel Lannister,Mully,1
Loras Tyrell,Sansa Stark,1
Longwater Pyke,Tyrion Lannister,1
Longwater Pyke,Theon Greyjoy,1
Lommy Greenhands,Yoren,1
Lommy Greenhands,Tyrion Lannister,1
Lommy Greenhands,Theon Greyjoy,1
Lommy Greenhands,Stannis Baratheon,1
Lommy Greenhands,Sansa Stark,1
Lommy Greenhands,Pylos,1
Lommy Greenhands,Pia,1
Lommy Greenhands,Patchface,1
Leonette Fossoway,Tyrion Lannister,1
Leonette Fossoway,Sansa Stark,1
Leonette Fossoway,Samwell Tarly,1
Leonette Fossoway,Roose Bolton,1
Leonette Fossoway,Podrick Payne,1
Leonette Fossoway,Merrett Frey,1
Leo Tyrell (son of Moryn),Sansa Stark,1
Leo Tyrell (son of Moryn),Samwell Tarly,1
Leo Tyrell (son of Moryn),Quhuru Mo,1
Leo Tyrell (son of Moryn),Petyr Baelish,1
Larraq,Tyrion Lannister,1
Larraq,Quentyn Martell,1
Lancel Lannister,Varamyr,1
Lancel Lannister,Tyrion Lannister,1
Lancel Lannister,Tormund,1
Lancel Lannister,Theon Greyjoy,1
Lancel Lannister,Randyll Tarly,1
Lancel Lannister,Pate (ranger),1
Lancel Lannister,Othell Yarwyck,1
Longwater Pyke,Victarion Greyjoy,1
Loras Tyrell,Tyrion Lannister,1
Mance Rayder,Owen the Oaf,1
Loreza Sand,Sansa Stark,1
Mance Rayder,Oppo,1
Mance Rayder,Moqorro,1
Mance Rayder,Melisandre,1
Mance Rayder,Mary Mertyns,1
Mance Rayder,Marselen,1
Maegor I Targaryen,Yohn Royce,1
Maegor I Targaryen,Sansa Stark,1
Maegor I Targaryen,Samwell Tarly,1
Maegor I Targaryen,Myranda Royce,1
Maegor I Targaryen,Mya Stone,1
Mace Tyrell,Victarion Greyjoy,1
Mace Tyrell,Sansa Stark,1
Mace Tyrell,Samwell Tarly,1
Mace Tyrell,Qyburn,1
Mace Tyrell,Margaery Tyrell,1
Lyle Crakehall,Wylis Manderly,1
Lyle Crakehall,Tytos Brax,1
Lyle Crakehall,Shagwell,1
Lyle Crakehall,Sansa Stark,1
Lyle Crakehall,Samwell Tarly,1
Lyle Crakehall,Rennifer Longwaters,1
Lyle Crakehall,Philip Plumm,1
Lyle Crakehall,Obara Sand,1
Lum,Victarion Greyjoy,1
Lum,Sansa Stark,1
Lum,Samwell Tarly,1
Lum,Qyburn,1
Lum,Margaery Tyrell,1
Lum,Mace Tyrell,1
Jon Snow,Tyrek Lannister,1
Daenerys Targaryen,Waltyr Frey,1
Doran Martell,Victarion Greyjoy,1
Bran Stark,Emrick,1
Arys Oakheart,Podrick Payne,1
Arys Oakheart,Philip Plumm,1
Arys Oakheart,Petyr Baelish,1
Arys Oakheart,Obara Sand,1
Arys Oakheart,Margaery Tyrell,1
Arys Oakheart,Mace Tyrell,1
Arys Oakheart,Lyle Crakehall,1
Arys Oakheart,Lum,1
Arys Oakheart,Loreza Sand,1
Arys Oakheart,Leo Tyrell (son of Moryn),1
Arys Oakheart,Jocelyn Swyft,1
Arys Oakheart,Ilyn Payne,1
Arys Oakheart,High Sparrow,1
Arys Oakheart,Gendry,1
Arys Oakheart,Edmure Tully,1
Arys Oakheart,Clydas,1
Arys Oakheart,Catelyn Stark,1
Arys Oakheart,Caleotte,1
Arya Stark,Yoren,1
Arya Stark,Yohn Royce,1
Arya Stark,Yna,1
Arya Stark,Yezzan zo Qaggaz,1
Arya Stark,Waltyr Frey,1
Arya Stark,Viserys Targaryen,1
Arya Stark,Varys,1
Arya Stark,Varamyr,1
Arya Stark,Utherydes Wayn,1
Arya Stark,Urzen,1
Arya Stark,Urswyck,1
Arys Oakheart,Quhuru Mo,1
Arys Oakheart,Qyburn,1
Arys Oakheart,Rennifer Longwaters,1
Asha Greyjoy,Ilyn Payne,1
Asha Greyjoy,Philip Plumm,1
Asha Greyjoy,Pate (ranger),1
Asha Greyjoy,Othell Yarwyck,1
Asha Greyjoy,Obara Sand,1
Asha Greyjoy,Mully,1
Asha Greyjoy,Margaery Tyrell,1
Asha Greyjoy,Mace Tyrell,1
Asha Greyjoy,Lyle Crakehall,1
Asha Greyjoy,Lum,1
Asha Greyjoy,Lancel Lannister,1
Asha Greyjoy,Kedge Whiteye,1
Asha Greyjoy,Jocelyn Swyft,1
Asha Greyjoy,Jeyne Poole,1
Asha Greyjoy,Hugo Wull,1
Arys Oakheart,Tytos Brax,1
Asha Greyjoy,Halleck,1
Asha Greyjoy,Euron Greyjoy,1
Asha Greyjoy,Erik Ironmaker,1
Asha Greyjoy,Emrick,1
Asha Greyjoy,Emmett,1
Asha Greyjoy,Edmure Tully,1
Asha Greyjoy,Catelyn Stark,1
Asha Greyjoy,Brienne Tarth,1
Asha Greyjoy,Bran Stark,1
Asha Greyjoy,Bowen Marsh,1
Asha Greyjoy,Baelor Blacktyde,1
Arys Oakheart,Wylis Manderly,1
Arys Oakheart,Walder Rivers,1
Arya Stark,Tytos Brax,1
Arya Stark,Tybero Istarion,1
Arya Stark,Tormund,1
Arya Stark,Leonette Fossoway,1
Arya Stark,Myranda Royce,1
Arya Stark,Moqorro,1
Arya Stark,Matthar,1
Arya Stark,Mary Mertyns,1
Arya Stark,Marselen,1
Arya Stark,Marissa Frey,1
Arya Stark,Margaery Tyrell,1
Arya Stark,Maegor I Targaryen,1
Arya Stark,Mace Tyrell,1
Arya Stark,Lyle Crakehall,1
Arya Stark,Lum,1
Arya Stark,Loras Tyrell,1
Arya Stark,Lommy Greenhands,1
Arya Stark,Leo Tyrell (son of Moryn),1
Arya Stark,Obara Sand,1
Arya Stark,Lancel Lannister,1
Arya Stark,Kegs,1
Arya Stark,Kedge Whiteye,1
Arya Stark,Kasporio,1
Arya Stark,Joss Stilwood,1
Arya Stark,Jonos Bracken,1
Arya Stark,Jocelyn Swyft,1
Arya Stark,Jhogo,1
Arya Stark,Jeyne Westerling,1
Arya Stark,Jeyne Poole,1
Arya Stark,Jaremy Rykker,1
Arya Stark,Janos Slynt,1
Arya Stark,Jacelyn Bywater,1
Arya Stark,Nymeria Sand,1
Arya Stark,Oppo,1
Arya Stark,Todder,1
Arya Stark,Pypar,1
Arya Stark,Timett,1
Arya Stark,Tagganaro,1
Arya Stark,Sybelle Glover,1
Arya Stark,Stygg,1
Arya Stark,Snatch,1
Arya Stark,Selyse Florent,1
Arya Stark,Salladhor Saan,1
Arya Stark,Ryman Frey,1
Arya Stark,Ryk,1
Arya Stark,Robert Arryn,1
Arya Stark,Rennifer Longwaters,1
Arya Stark,Ragwyle,1
Arya Stark,Quhuru Mo,1
Arya Stark,Pylos,1
Arya Stark,Osfryd Kettleblack,1
Arya Stark,Pycelle,1
Arya Stark,Preston Greenfield,1
Arya Stark,Pia,1
Arya Stark,Philip Plumm,1
Arya Stark,Petyr Baelish,1
Arya Stark,Penny,1
Arya Stark,Pate (ranger),1
Arya Stark,Patchface,1
Arya Stark,Parmen Crane,1
Arya Stark,Owen the Oaf,1
Arya Stark,Owen Merryweather,1
Arya Stark,Othell Yarwyck,1
Arya Stark,Osha,1
Asha Greyjoy,Qyburn,1
Asha Greyjoy,Randyll Tarly,1
Asha Greyjoy,Rennifer Longwaters,1
Beardless Dick,Mance Rayder,1
Boros Blount,Osfryd Kettleblack,1
Boros Blount,Jon Snow,1
Boros Blount,Joffrey Baratheon,1
Boros Blount,Davos Seaworth,1
Boros Blount,Daenerys Targaryen,1
Boros Blount,Catelyn Stark,1
Boros Blount,Bran Stark,1
Beardless Dick,Tywin Lannister,1
Beardless Dick,Tyrion Lannister,1
Beardless Dick,Sansa Stark,1
Beardless Dick,Samwell Tarly,1
Beardless Dick,Ryk,1
Beardless Dick,Owen the Oaf,1
Beardless Dick,Kevan Lannister,1
Boros Blount,Tyrion Lannister,1
Beardless Dick,Kegs,1
Beardless Dick,Jon Snow,1
Beardless Dick,Janos Slynt,1
Beardless Dick,Jaime Lannister,1
Beardless Dick,Davos Seaworth,1
Beardless Dick,Daenerys Targaryen,1
Beardless Dick,Chett,1
Beardless Dick,Catelyn Stark,1
Beardless Dick,Bran Stark,1
Barristan Selmy,Yezzan zo Qaggaz,1
Barristan Selmy,Varys,1
Barristan Selmy,Varamyr,1
Barristan Selmy,Tybero Istarion,1
Boros Blount,Sansa Stark,1
Bowen Marsh,Bran Stark,1
Barristan Selmy,Tormund,1
Bowen Marsh,Randyll Tarly,1
Bran Stark,Drogo,1
Bran Stark,Doran Martell,1
Bran Stark,Daryn Hornwood,1
Bran Stark,Dancy,1
Bran Stark,Dagmer,1
Bran Stark,Cass,1
Bran Stark,Captain of the Myraham,1
Bran Stark,Camarron of the Count,1
Bran Stark,Bronn,1
Bowen Marsh,Varamyr,1
Bowen Marsh,Tyrion Lannister,1
Bowen Marsh,Tormund,1
Bowen Marsh,Theon Greyjoy,1
Bowen Marsh,Pate (ranger),1
Bowen Marsh,Cersei Lannister,1
Bowen Marsh,Othell Yarwyck,1
Bowen Marsh,Mully,1
Bowen Marsh,Melisandre,1
Bowen Marsh,Lancel Lannister,1
Bowen Marsh,Kedge Whiteye,1
Bowen Marsh,Jon Snow,1
Bowen Marsh,Jeyne Poole,1
Bowen Marsh,Jaime Lannister,1
Bowen Marsh,Halleck,1
Bowen Marsh,Emrick,1
Bowen Marsh,Emmett,1
Bowen Marsh,Davos Seaworth,1
Bowen Marsh,Daenerys Targaryen,1
Barristan Selmy,Tristifer Botley,1
Barristan Selmy,Snatch,1
Asha Greyjoy,Rodrik Harlaw,1
Baelor I Targaryen,Davos Seaworth,1
Barra's mother,Sansa Stark,1
Barra's mother,Mya Stone,1
Barra's mother,Jon Snow,1
Barra's mother,Eddard Stark,1
Barra's mother,Daryn Hornwood,1
Barra's mother,Daenerys Targaryen,1
Barra's mother,Catelyn Stark,1
Barra's mother,Bran Stark,1
Baelor I Targaryen,Tyrion Lannister,1
Baelor I Targaryen,Theon Greyjoy,1
Baelor I Targaryen,Sansa Stark,1
Baelor I Targaryen,Ragwyle,1
Baelor I Targaryen,Jon Snow,1
Baelor I Targaryen,Daenerys Targaryen,1
Barra's mother,Tywin Lannister,1
Baelor I Targaryen,Catelyn Stark,1
Baelor I Targaryen,Bran Stark,1
Baelor Blacktyde,Victarion Greyjoy,1
Baelor Blacktyde,Sybelle Glover,1
Baelor Blacktyde,Jaime Lannister,1
Baelor Blacktyde,Cersei Lannister,1
Asha Greyjoy,Wylis Manderly,1
Asha Greyjoy,Varamyr,1
Asha Greyjoy,Tytos Brax,1
Asha Greyjoy,Tristifer Botley,1
Asha Greyjoy,Tormund,1
Asha Greyjoy,Sybelle Glover,1
Asha Greyjoy,Shagwell,1
Barra's mother,Tyrion Lannister,1
Barristan Selmy,Bowen Marsh,1
Barristan Selmy,Samwell Tarly,1
Barristan Selmy,Kasporio,1
Barristan Selmy,Penny,1
Barristan Selmy,Pate (ranger),1
Barristan Selmy,Owen Merryweather,1
Barristan Selmy,Othell Yarwyck,1
Barristan Selmy,Oppo,1
Barristan Selmy,Mully,1
Barristan Selmy,Moqorro,1
Barristan Selmy,Merrett Frey,1
Barristan Selmy,Marselen,1
Barristan Selmy,Larraq,1
Barristan Selmy,Lancel Lannister,1
Barristan Selmy,Kevan Lannister,1
Barristan Selmy,Kedge Whiteye,1
Barristan Selmy,Joffrey Baratheon,1
Barristan Selmy,Brynden Rivers,1
Barristan Selmy,Jeyne Poole,1
Barristan Selmy,Illyrio Mopatis,1
Barristan Selmy,Hugo Wull,1
Barristan Selmy,Halleck,1
Barristan Selmy,Godry Farring,1
Barristan Selmy,Gilly,1
Barristan Selmy,Emrick,1
Barristan Selmy,Emmett,1
Barristan Selmy,Ellaria Sand,1
Barristan Selmy,Eddard Stark,1
Barristan Selmy,Drogo,1
Barristan Selmy,Catelyn Stark,1
Barristan Selmy,Camarron of the Count,1
Arya Stark,Ilyn Payne,1
Arya Stark,Illyrio Mopatis,1
Arya Stark,Horton Redfort,1
Albett,Sansa Stark,1
Alyx Frey,Jon Snow,1
Alyx Frey,Jaime Lannister,1
Alyx Frey,Ellaria Sand,1
Alyx Frey,Davos Seaworth,1
Alyx Frey,Daenerys Targaryen,1
Alyx Frey,Chett,1
Alyx Frey,Catelyn Stark,1
Alyx Frey,Bran Stark,1
Alyx Frey,Arya Stark,1
Albett,Will,1
Albett,Viserys Targaryen,1
Albett,Tyrion Lannister,1
Albett,Todder,1
Albett,Samwell Tarly,1
Alyx Frey,Merrett Frey,1
Albett,Pypar,1
Albett,Merrett Frey,1
Albett,Matthar,1
Albett,Jon Snow,1
Albett,Jaremy Rykker,1
Albett,Eddard Stark,1
Albett,Daenerys Targaryen,1
Albett,Catelyn Stark,1
Albett,Bran Stark,1
Albett,Arya Stark,1
Aggar,Urzen,1
Aggar,Tyrion Lannister,1
Aggar,Theon Greyjoy,1
Alyx Frey,Marissa Frey,1
Alyx Frey,Robb Stark,1
Aggar,Sansa Stark,1
Amabel,Jaime Lannister,1
Amerei Frey,Cersei Lannister,1
Amerei Frey,Brienne Tarth,1
Amerei Frey,Asha Greyjoy,1
Amerei Frey,Arys Oakheart,1
Amerei Frey,Arya Stark,1
Amerei Frey,Arianne Martell,1
Amabel,Tyrion Lannister,1
Amabel,Stannis Baratheon,1
Amabel,Sansa Stark,1
Amabel,Samwell Tarly,1
Amabel,Qyburn,1
Amabel,Merrett Frey,1
Amabel,Jon Snow,1
Amabel,Harsley,1
Alyx Frey,Robert Arryn,1
Amabel,Fletcher Dick,1
Amabel,Davos Seaworth,1
Amabel,Daenerys Targaryen,1
Amabel,Catelyn Stark,1
Amabel,Cass,1
Amabel,Bran Stark,1
Amabel,Arya Stark,1
Amabel,Anguy,1
Alyx Frey,Tyrion Lannister,1
Alyx Frey,Tommen Baratheon,1
Alyx Frey,Sansa Stark,1
Alyx Frey,Ryman Frey,1
Alyx Frey,Roose Bolton,1
Aggar,Stygg,1
Aggar,Samwell Tarly,1
Amerei Frey,Ilyn Payne,1
Aemon Targaryen (son of Maekar I),Davos Seaworth,1
Aemon Targaryen (son of Maekar I),Selyse Florent,1
Aemon Targaryen (son of Maekar I),Sansa Stark,1
Aemon Targaryen (son of Maekar I),Samwell Tarly,1
Aemon Targaryen (son of Maekar I),Roose Bolton,1
Aemon Targaryen (son of Maekar I),Quentyn Martell,1
Aemon Targaryen (son of Maekar I),Podrick Payne,1
Aemon Targaryen (son of Maekar I),Owen Merryweather,1
Aemon Targaryen (son of Maekar I),Merrett Frey,1
Aemon Targaryen (son of Maekar I),Melisandre,1
Aemon Targaryen (son of Maekar I),Leonette Fossoway,1
Aemon Targaryen (son of Maekar I),Jon Snow,1
Aemon Targaryen (son of Maekar I),Joffrey Baratheon,1
Aemon Targaryen (son of Maekar I),Ellaria Sand,1
Aemon Targaryen (son of Maekar I),Catelyn Stark,1
Aeron Greyjoy,Baelor Blacktyde,1
Aemon Targaryen (son of Maekar I),Bran Stark,1
Aemon Targaryen (son of Maekar I),Barristan Selmy,1
Aemon Targaryen (son of Maekar I),Arianne Martell,1
Aemon Targaryen (son of Maekar I),Archibald Yronwood,1
Aemon Steelsong,Sansa Stark,1
Aemon Steelsong,Samwell Tarly,1
Aemon Steelsong,Quhuru Mo,1
Aemon Steelsong,Petyr Baelish,1
Aemon Steelsong,Leo Tyrell (son of Moryn),1
Aemon Steelsong,Jon Snow,1
Aemon Steelsong,Jaime Lannister,1
Aemon Steelsong,Clydas,1
Aemon Steelsong,Cersei Lannister,1
Aeron Greyjoy,Arys Oakheart,1
Aeron Greyjoy,Boros Blount,1
Aggar,Osha,1
Aeron Greyjoy,Tagganaro,1
Aggar,Jon Snow,1
Aggar,Harrag Sharp,1
Aggar,Gevin Harlaw,1
Aggar,Davos Seaworth,1
Aggar,Dancy,1
Aggar,Dagmer,1
Aggar,Daenerys Targaryen,1
Aggar,Catelyn Stark,1
Aggar,Bran Stark,1
Aggar,Arya Stark,1
Aeron Greyjoy,Yna,1
Aeron Greyjoy,Wylis Manderly,1
Aeron Greyjoy,Tyrion Lannister,1
Aeron Greyjoy,Sybelle Glover,1
Aeron Greyjoy,Bran Stark,1
Aeron Greyjoy,Rodrik Harlaw,1
Aeron Greyjoy,Qyburn,1
Aeron Greyjoy,Pycelle,1
Aeron Greyjoy,Osfryd Kettleblack,1
Aeron Greyjoy,Margaery Tyrell,1
Aeron Greyjoy,Mace Tyrell,1
Aeron Greyjoy,Lum,1
Aeron Greyjoy,Joffrey Baratheon,1
Aeron Greyjoy,Jocelyn Swyft,1
Aeron Greyjoy,Euron Greyjoy,1
Aeron Greyjoy,Erik Ironmaker,1
Aeron Greyjoy,Davos Seaworth,1
Aeron Greyjoy,Daenerys Targaryen,1
Amerei Frey,Edmure Tully,1
Amerei Frey,Jaime Lannister,1
Arya Stark,High Sparrow,1
Arianne Martell,Maegor I Targaryen,1
Arianne Martell,Tyrion Lannister,1
Arianne Martell,Selyse Florent,1
Arianne Martell,Rennifer Longwaters,1
Arianne Martell,Qyburn,1
Arianne Martell,Quentyn Martell,1
Arianne Martell,Podrick Payne,1
Arianne Martell,Philip Plumm,1
Arianne Martell,Owen Merryweather,1
Arianne Martell,Obara Sand,1
Arianne Martell,Myranda Royce,1
Arianne Martell,Mya Stone,1
Arianne Martell,Melisandre,1
Arianne Martell,Margaery Tyrell,1
Arianne Martell,Mace Tyrell,1
Arianne Martell,Walder Rivers,1
Arianne Martell,Lyle Crakehall,1
Arianne Martell,Lum,1
Arianne Martell,Loreza Sand,1
Arianne Martell,Jon Snow,1
Arianne Martell,Jocelyn Swyft,1
Arianne Martell,Ilyn Payne,1
Arianne Martell,Horton Redfort,1
Arianne Martell,High Sparrow,1
Arianne Martell,Gendry,1
Arianne Martell,Edmure Tully,1
Arianne Martell,Daenerys Targaryen,1
Arianne Martell,Catelyn Stark,1
Arianne Martell,Caleotte,1
Arianne Martell,Tytos Brax,1
Arianne Martell,Wylis Manderly,1
Areo Hotah,Yezzan zo Qaggaz,1
Arya Stark,Drogo,1
Arya Stark,Harsley,1
Arya Stark,Harrag Sharp,1
Arya Stark,Halleck,1
Arya Stark,Goghor the Giant,1
Arya Stark,Godry Farring,1
Arya Stark,Godric Borrell,1
Arya Stark,Gevin Harlaw,1
Arya Stark,Fletcher Dick,1
Arya Stark,Euron Greyjoy,1
Arya Stark,Erik Ironmaker,1
Arya Stark,Emrick,1
Arya Stark,Emmett,1
Arya Stark,Edmure Tully,1
Arya Stark,Daryn Hornwood,1
Arianne Martell,Yohn Royce,1
Arya Stark,Dagmer,1
Arya Stark,Clydas,1
Arya Stark,Cass,1
Arya Stark,Captain of the Myraham,1
Arya Stark,Camarron of the Count,1
Arya Stark,Brusco,1
Arya Stark,Bronn,1
Arya Stark,Bowen Marsh,1
Arya Stark,Boros Blount,1
Arya Stark,Beardless Dick,1
Arya Stark,Barra's mother,1
Arya Stark,Baelor I Targaryen,1
Arya Stark,Baelor Blacktyde,1
Arianne Martell,Barristan Selmy,1
Areo Hotah,Walder Rivers,1
Amerei Frey,Lyle Crakehall,1
Anguy,Fletcher Dick,1
Archibald Yronwood,Cersei Lannister,1
Archibald Yronwood,Barristan Selmy,1
Archibald Yronwood,Arya Stark,1
Archibald Yronwood,Arianne Martell,1
Anguy,Tyrion Lannister,1
Anguy,Stannis Baratheon,1
Anguy,Sansa Stark,1
Anguy,Samwell Tarly,1
Anguy,Qyburn,1
Anguy,Merrett Frey,1
Anguy,Jon Snow,1
Anguy,Jaime Lannister,1
Anguy,Harsley,1
Anguy,Davos Seaworth,1
Archibald Yronwood,Jaime Lannister,1
Anguy,Daenerys Targaryen,1
Anguy,Catelyn Stark,1
Anguy,Cass,1
Anguy,Bran Stark,1
Anguy,Arya Stark,1
Amerei Frey,Wylis Manderly,1
Amerei Frey,Tytos Brax,1
Amerei Frey,Shagwell,1
Amerei Frey,Sansa Stark,1
Amerei Frey,Samwell Tarly,1
Amerei Frey,Rennifer Longwaters,1
Amerei Frey,Philip Plumm,1
Amerei Frey,Obara Sand,1
Archibald Yronwood,Daenerys Targaryen,1
Archibald Yronwood,Melisandre,1
Areo Hotah,Varys,1
Areo Hotah,Marselen,1
Areo Hotah,Tybero Istarion,1
Areo Hotah,Tristifer Botley,1
Areo Hotah,Tommen Baratheon,1
Areo Hotah,Snatch,1
Areo Hotah,Samwell Tarly,1
Areo Hotah,Randyll Tarly,1
Areo Hotah,Ramsay Snow,1
Areo Hotah,Penny,1
Areo Hotah,Oppo,1
Areo Hotah,Nymeria Sand,1
Areo Hotah,Moqorro,1
Areo Hotah,Melisandre,1
Areo Hotah,Mary Mertyns,1
Areo Hotah,Loreza Sand,1
Archibald Yronwood,Owen Merryweather,1
Areo Hotah,Kasporio,1
Areo Hotah,Jhogo,1
Areo Hotah,Illyrio Mopatis,1
Areo Hotah,Goghor the Giant,1
Areo Hotah,Godry Farring,1
Areo Hotah,Ellaria Sand,1
Areo Hotah,Drogo,1
Areo Hotah,Camarron of the Count,1
Areo Hotah,Caleotte,1
Areo Hotah,Asha Greyjoy,1
Archibald Yronwood,Tyrion Lannister,1
Archibald Yronwood,Selyse Florent,1
Archibald Yronwood,Quentyn Martell,1
Bran Stark,Emmett,1
Bran Stark,Fletcher Dick,1
Doran Martell,Tybero Istarion,1
Bran Stark,Gendry,1
Daenerys Targaryen,Longwater Pyke,1
Daenerys Targaryen,Lommy Greenhands,1
Daenerys Targaryen,Leonette Fossoway,1
Daenerys Targaryen,Larraq,1
Daenerys Targaryen,Lancel Lannister,1
Daenerys Targaryen,Kegs,1
Daenerys Targaryen,Kedge Whiteye,1
Daenerys Targaryen,Kasporio,1
Daenerys Targaryen,Joss Stilwood,1
Daenerys Targaryen,Jonos Bracken,1
Daenerys Targaryen,Joanna Lannister,1
Daenerys Targaryen,Jeyne Westerling,1
Daenerys Targaryen,Jeyne Poole,1
Daenerys Targaryen,Jaremy Rykker,1
Daenerys Targaryen,Janos Slynt,1
Daenerys Targaryen,Jacelyn Bywater,1
Daenerys Targaryen,Illyrio Mopatis,1
Daenerys Targaryen,Hugo Wull,1
Daenerys Targaryen,Harsley,1
Daenerys Targaryen,Harrag Sharp,1
Daenerys Targaryen,Halleck,1
Daenerys Targaryen,Godry Farring,1
Daenerys Targaryen,Godric Borrell,1
Daenerys Targaryen,Gilly,1
Daenerys Targaryen,Gevin Harlaw,1
Daenerys Targaryen,Gendry,1
Daenerys Targaryen,Fletcher Dick,1
Daenerys Targaryen,Emrick,1
Daenerys Targaryen,Emmett,1
Daenerys Targaryen,Loras Tyrell,1
Daenerys Targaryen,Marissa Frey,1
Daenerys Targaryen,Marselen,1
Daenerys Targaryen,Preston Greenfield,1
Daenerys Targaryen,Todder,1
Daenerys Targaryen,Timett,1
Daenerys Targaryen,Tanda Stokeworth,1
Daenerys Targaryen,Stygg,1
Daenerys Targaryen,Snatch,1
Daenerys Targaryen,Ryman Frey,1
Daenerys Targaryen,Ryk,1
Daenerys Targaryen,Robert Arryn,1
Daenerys Targaryen,Renly Baratheon,1
Daenerys Targaryen,Ragwyle,1
Daenerys Targaryen,Qyburn,1
Daenerys Targaryen,Pypar,1
Daenerys Targaryen,Pylos,1
Daenerys Targaryen,Pia,1
Daenerys Targaryen,Matthar,1
Daenerys Targaryen,Petyr Baelish,1
Daenerys Targaryen,Penny,1
Daenerys Targaryen,Pate (ranger),1
Daenerys Targaryen,Patchface,1
Daenerys Targaryen,Parmen Crane,1
Daenerys Targaryen,Owen the Oaf,1
Daenerys Targaryen,Owen Merryweather,1
Daenerys Targaryen,Othell Yarwyck,1
Daenerys Targaryen,Osha,1
Daenerys Targaryen,Osfryd Kettleblack,1
Daenerys Targaryen,Oppo,1
Daenerys Targaryen,Mya Stone,1
Daenerys Targaryen,Moqorro,1
Daenerys Targaryen,Edric Storm,1
Daenerys Targaryen,Drogo,1
Daenerys Targaryen,Daryn Hornwood,1
Cersei Lannister,Timett,1
Chett,Kegs,1
Chett,Janos Slynt,1
Chett,Ellaria Sand,1
Cersei Lannister,Yna,1
Cersei Lannister,Yezzan zo Qaggaz,1
Cersei Lannister,Walder Rivers,1
Cersei Lannister,Varys,1
Cersei Lannister,Varamyr,1
Cersei Lannister,Tytos Brax,1
Cersei Lannister,Tybero Istarion,1
Cersei Lannister,Tristifer Botley,1
Cersei Lannister,Tormund,1
Cersei Lannister,Tommen Baratheon,1
Cersei Lannister,Tagganaro,1
Chett,Mance Rayder,1
Cersei Lannister,Sybelle Glover,1
Cersei Lannister,Snatch,1
Cersei Lannister,Salladhor Saan,1
Cersei Lannister,Rodrik Harlaw,1
Cersei Lannister,Rennifer Longwaters,1
Cersei Lannister,Qyburn,1
Cersei Lannister,Quhuru Mo,1
Cersei Lannister,Pycelle,1
Cersei Lannister,Preston Greenfield,1
Cersei Lannister,Philip Plumm,1
Cersei Lannister,Petyr Baelish,1
Cersei Lannister,Penny,1
Cersei Lannister,Pate (ranger),1
Chett,Kevan Lannister,1
Chett,Marissa Frey,1
Daenerys Targaryen,Dagmer,1
Clydas,Samwell Tarly,1
Cressen,Waltyr Frey,1
Cressen,Utherydes Wayn,1
Cressen,Tyrek Lannister,1
Cressen,Timett,1
Cressen,Robb Stark,1
Cressen,Renly Baratheon,1
Cressen,Preston Greenfield,1
Cressen,Podrick Payne,1
Cressen,Parmen Crane,1
Cressen,Joffrey Baratheon,1
Cressen,Jacelyn Bywater,1
Cressen,Dancy,1
Clydas,Sansa Stark,1
Clydas,Quhuru Mo,1
Chett,Merrett Frey,1
Clydas,Petyr Baelish,1
Clydas,Leo Tyrell (son of Moryn),1
Clydas,Jon Snow,1
Clydas,Jaime Lannister,1
Chett,Tywin Lannister,1
Chett,Tommen Baratheon,1
Chett,Stannis Baratheon,1
Chett,Ryman Frey,1
Chett,Ryk,1
Chett,Roose Bolton,1
Chett,Robert Arryn,1
Chett,Robb Stark,1
Chett,Owen the Oaf,1
Daenerys Targaryen,Tommen Baratheon,1
Daenerys Targaryen,Tormund,1
Daenerys Targaryen,Tybero Istarion,1
Davos Seaworth,Patchface,1
Davos Seaworth,Snatch,1
Davos Seaworth,Ryman Frey,1
Davos Seaworth,Ryk,1
Davos Seaworth,Robert Arryn,1
Davos Seaworth,Renly Baratheon,1
Davos Seaworth,Ragwyle,1
Davos Seaworth,Qyburn,1
Davos Seaworth,Pylos,1
Davos Seaworth,Preston Greenfield,1
Davos Seaworth,Pia,1
Davos Seaworth,Petyr Baelish,1
Davos Seaworth,Penny,1
Davos Seaworth,Pate (ranger),1
Davos Seaworth,Parmen Crane,1
Davos Seaworth,Tanda Stokeworth,1
Davos Seaworth,Owen the Oaf,1
Davos Seaworth,Othell Yarwyck,1
Davos Seaworth,Osha,1
Davos Seaworth,Osfryd Kettleblack,1
Davos Seaworth,Oppo,1
Davos Seaworth,Moqorro,1
Davos Seaworth,Mary Mertyns,1
Davos Seaworth,Marissa Frey,1
Davos Seaworth,Loras Tyrell,1
Davos Seaworth,Lommy Greenhands,1
Davos Seaworth,Leonette Fossoway,1
Davos Seaworth,Larraq,1
Davos Seaworth,Lancel Lannister,1
Davos Seaworth,Stygg,1
Davos Seaworth,Timett,1
Davos Seaworth,Kedge Whiteye,1
Doran Martell,Goghor the Giant,1
Doran Martell,Snatch,1
Doran Martell,Randyll Tarly,1
Doran Martell,Quentyn Martell,1
Doran Martell,Penny,1
Doran Martell,Oppo,1
Doran Martell,Moqorro,1
Doran Martell,Melisandre,1
Doran Martell,Mary Mertyns,1
Doran Martell,Marselen,1
Doran Martell,Kevan Lannister,1
Doran Martell,Kasporio,1
Doran Martell,Jhogo,1
Doran Martell,Illyrio Mopatis,1
Doran Martell,Godry Farring,1
Davos Seaworth,Tormund,1
Doran Martell,Drogo,1
Davos Seaworth,Yoren,1
Davos Seaworth,Yezzan zo Qaggaz,1
Davos Seaworth,Waltyr Frey,1
Davos Seaworth,Varys,1
Davos Seaworth,Varamyr,1
Davos Seaworth,Utherydes Wayn,1
Davos Seaworth,Urzen,1
Davos Seaworth,Urswyck,1
Davos Seaworth,Tywin Lannister,1
Davos Seaworth,Tyrek Lannister,1
Davos Seaworth,Tybero Istarion,1
Davos Seaworth,Tristifer Botley,1
Davos Seaworth,Kegs,1
Davos Seaworth,Kasporio,1
Daenerys Targaryen,Tyrek Lannister,1
Dagmer,Osha,1
Dancy,Podrick Payne,1
Dancy,Parmen Crane,1
Dancy,Osha,1
Dancy,Joffrey Baratheon,1
Dancy,Jacelyn Bywater,1
Dancy,Harrag Sharp,1
Dancy,Gevin Harlaw,1
Dagmer,Urzen,1
Dagmer,Tyrion Lannister,1
Dagmer,Theon Greyjoy,1
Dagmer,Stygg,1
Dagmer,Sansa Stark,1
Dagmer,Samwell Tarly,1
Dagmer,Jon Snow,1
Dancy,Samwell Tarly,1
Dagmer,Harrag Sharp,1
Dagmer,Gevin Harlaw,1
Dagmer,Davos Seaworth,1
Dagmer,Dancy,1
Daenerys Targaryen,Yoren,1
Daenerys Targaryen,Yezzan zo Qaggaz,1
Aemon Steelsong,Arys Oakheart,1
Daenerys Targaryen,Viserys Targaryen,1
Daenerys Targaryen,Varys,1
Daenerys Targaryen,Varamyr,1
Daenerys Targaryen,Utherydes Wayn,1
Daenerys Targaryen,Urzen,1
Daenerys Targaryen,Urswyck,1
Dancy,Preston Greenfield,1
Dancy,Stygg,1
Davos Seaworth,Jonos Bracken,1
Davos Seaworth,Gevin Harlaw,1
Davos Seaworth,Joanna Lannister,1
Davos Seaworth,Jhogo,1
Davos Seaworth,Jeyne Westerling,1
Davos Seaworth,Jeyne Poole,1
Davos Seaworth,Janos Slynt,1
Davos Seaworth,Jacelyn Bywater,1
Davos Seaworth,Illyrio Mopatis,1
Davos Seaworth,Hugo Wull,1
Davos Seaworth,Harsley,1
Davos Seaworth,Harrag Sharp,1
Davos Seaworth,Halleck,1
Davos Seaworth,Godric Borrell,1
Davos Seaworth,Gilly,1
Davos Seaworth,Gendry,1
Dancy,Timett,1
Davos Seaworth,Fletcher Dick,1
Davos Seaworth,Emrick,1
Davos Seaworth,Emmett,1
Davos Seaworth,Edric Storm,1
Davos Seaworth,Drogo,1
Davos Seaworth,Doran Martell,1
Daryn Hornwood,Tywin Lannister,1
Daryn Hornwood,Tyrion Lannister,1
Daryn Hornwood,Sansa Stark,1
Daryn Hornwood,Mya Stone,1
Daryn Hornwood,Jon Snow,1
Daryn Hornwood,Eddard Stark,1
Dancy,Urzen,1
Cersei Lannister,Parmen Crane,1
Cersei Lannister,Owen Merryweather,1
Cersei Lannister,Othell Yarwyck,1
Brusco,Jon Snow,1
Brynden Rivers,Oppo,1
Brynden Rivers,Moqorro,1
Brynden Rivers,Melisandre,1
Brynden Rivers,Mary Mertyns,1
Brynden Rivers,Mance Rayder,1
Brynden Rivers,Kevan Lannister,1
Brynden Rivers,Kasporio,1
Brynden Rivers,Jon Snow,1
Brynden Rivers,Illyrio Mopatis,1
Brynden Rivers,Drogo,1
Brynden Rivers,Doran Martell,1
Brynden Rivers,Camarron of the Count,1
Brusco,Tyrion Lannister,1
Brusco,Jaime Lannister,1
Brynden Rivers,Ramsay Snow,1
Brusco,Daenerys Targaryen,1
Brusco,Cersei Lannister,1
Bronn,Will,1
Bronn,Tyrion Lannister,1
Bronn,Sansa Stark,1
Bronn,Jon Snow,1
Bronn,Eddard Stark,1
Bronn,Catelyn Stark,1
Brienne Tarth,Wylis Manderly,1
Brienne Tarth,Victarion Greyjoy,1
Brienne Tarth,Tytos Brax,1
Brienne Tarth,Rennifer Longwaters,1
Brienne Tarth,Podrick Payne,1
Brynden Rivers,Penny,1
Brynden Rivers,Randyll Tarly,1
Brienne Tarth,Obara Sand,1
Camarron of the Count,Drogo,1
Camarron of the Count,Snatch,1
Camarron of the Count,Randyll Tarly,1
Camarron of the Count,Penny,1
Camarron of the Count,Oppo,1
Camarron of the Count,Moqorro,1
Camarron of the Count,Melisandre,1
Camarron of the Count,Mary Mertyns,1
Camarron of the Count,Mance Rayder,1
Camarron of the Count,Kevan Lannister,1
Camarron of the Count,Kasporio,1
Camarron of the Count,Jon Connington,1
Camarron of the Count,Jaime Lannister,1
Camarron of the Count,Illyrio Mopatis,1
Camarron of the Count,Doran Martell,1
Brynden Rivers,Roose Bolton,1
Camarron of the Count,Davos Seaworth,1
Camarron of the Count,Daenerys Targaryen,1
Camarron of the Count,Cersei Lannister,1
Caleotte,Victarion Greyjoy,1
Caleotte,Sansa Stark,1
Caleotte,Nymeria Sand,1
Caleotte,Jaime Lannister,1
Caleotte,Cersei Lannister,1
Brynden Rivers,Yezzan zo Qaggaz,1
Brynden Rivers,Tybero Istarion,1
Brynden Rivers,Tommen Baratheon,1
Brynden Rivers,Theon Greyjoy,1
Brynden Rivers,Snatch,1
Brienne Tarth,Philip Plumm,1
Brienne Tarth,Nymeria Sand,1
Camarron of the Count,Tyrion Lannister,1
Bran Stark,Lancel Lannister,1
Bran Stark,Osha,1
Bran Stark,Osfryd Kettleblack,1
Bran Stark,Oppo,1
Bran Stark,Mya Stone,1
Bran Stark,Mully,1
Bran Stark,Moqorro,1
Bran Stark,Matthar,1
Bran Stark,Mary Mertyns,1
Bran Stark,Marissa Frey,1
Bran Stark,Loras Tyrell,1
Bran Stark,Lommy Greenhands,1
Bran Stark,Leonette Fossoway,1
Bran Stark,Larraq,1
Bran Stark,Kegs,1
Bran Stark,Owen the Oaf,1
Bran Stark,Kedge Whiteye,1
Bran Stark,Kasporio,1
Bran Stark,Joss Stilwood,1
Bran Stark,Jhogo,1
Bran Stark,Jeyne Poole,1
Bran Stark,Jaremy Rykker,1
Bran Stark,Janos Slynt,1
Bran Stark,Illyrio Mopatis,1
Bran Stark,Harsley,1
Bran Stark,Harrag Sharp,1
Bran Stark,Halleck,1
Bran Stark,Godric Borrell,1
Bran Stark,Gevin Harlaw,1
Bran Stark,Othell Yarwyck,1
Bran Stark,Patchface,1
Brienne Tarth,Lyle Crakehall,1
Bran Stark,Todder,1
Brienne Tarth,Ilyn Payne,1
Brienne Tarth,High Sparrow,1
Brienne Tarth,Gendry,1
Brienne Tarth,Edmure Tully,1
Bran Stark,Yoren,1
Bran Stark,Yezzan zo Qaggaz,1
Bran Stark,Waltyr Frey,1
Bran Stark,Viserys Targaryen,1
Bran Stark,Varamyr,1
Bran Stark,Utherydes Wayn,1
Bran Stark,Urzen,1
Bran Stark,Tybero Istarion,1
Bran Stark,Tormund,1
Bran Stark,Stygg,1
Bran Stark,Pate (ranger),1
Bran Stark,Snatch,1
Bran Stark,Salladhor Saan,1
Bran Stark,Ryman Frey,1
Bran Stark,Ryk,1
Bran Stark,Robert Arryn,1
Bran Stark,Ragwyle,1
Bran Stark,Qyburn,1
Bran Stark,Quentyn Martell,1
Bran Stark,Pypar,1
Bran Stark,Pylos,1
Bran Stark,Podrick Payne,1
Bran Stark,Pia,1
Bran Stark,Penny,1
Camarron of the Count,Tybero Istarion,1
Camarron of the Count,Victarion Greyjoy,1
Cersei Lannister,Oswell Kettleblack,1
Catelyn Stark,Yoren,1
Cersei Lannister,Godry Farring,1
Cersei Lannister,Godric Borrell,1
Cersei Lannister,Gilly,1
Cersei Lannister,Gendry,1
Cersei Lannister,Euron Greyjoy,1
Cersei Lannister,Erik Ironmaker,1
Cersei Lannister,Emrick,1
Cersei Lannister,Emmett,1
Cersei Lannister,Edmure Tully,1
Cersei Lannister,Drogo,1
Cersei Lannister,Dancy,1
Cersei Lannister,Cressen,1
Cersei Lannister,Clydas,1
Catelyn Stark,Waltyr Frey,1
Cersei Lannister,Halleck,1
Catelyn Stark,Viserys Targaryen,1
Catelyn Stark,Victarion Greyjoy,1
Catelyn Stark,Utherydes Wayn,1
Catelyn Stark,Urzen,1
Catelyn Stark,Urswyck,1
Catelyn Stark,Tyrek Lannister,1
Catelyn Stark,Tommen Baratheon,1
Catelyn Stark,Todder,1
Catelyn Stark,Timett,1
Catelyn Stark,Tanda Stokeworth,1
Catelyn Stark,Stygg,1
Catelyn Stark,Salladhor Saan,1
Catelyn Stark,Ryman Frey,1
Cersei Lannister,Gretchel,1
Cersei Lannister,High Sparrow,1
Catelyn Stark,Robert Arryn,1
Cersei Lannister,Loreza Sand,1
Cersei Lannister,Oppo,1
Cersei Lannister,Obara Sand,1
Cersei Lannister,Myranda Royce,1
Cersei Lannister,Mya Stone,1
Cersei Lannister,Mully,1
Cersei Lannister,Mord,1
Cersei Lannister,Moqorro,1
Cersei Lannister,Marselen,1
Cersei Lannister,Margaery Tyrell,1
Cersei Lannister,Maegor I Targaryen,1
Cersei Lannister,Mace Tyrell,1
Cersei Lannister,Lyle Crakehall,1
Cersei Lannister,Lum,1
Cersei Lannister,Loras Tyrell,1
Cersei Lannister,Horton Redfort,1
Cersei Lannister,Longwater Pyke,1
Cersei Lannister,Leonette Fossoway,1
Cersei Lannister,Leo Tyrell (son of Moryn),1
Cersei Lannister,Larraq,1
Cersei Lannister,Lancel Lannister,1
Cersei Lannister,Kedge Whiteye,1
Cersei Lannister,Kasporio,1
Cersei Lannister,Jocelyn Swyft,1
Cersei Lannister,Jeyne Poole,1
Cersei Lannister,Jacelyn Bywater,1
Cersei Lannister,Ilyn Payne,1
Cersei Lannister,Illyrio Mopatis,1
Cersei Lannister,Hugo Wull,1
Catelyn Stark,Ryk,1
Catelyn Stark,Renly Baratheon,1
Camarron of the Count,Yezzan zo Qaggaz,1
Cass,Harsley,1
Catelyn Stark,Gendry,1
Catelyn Stark,Fletcher Dick,1
Catelyn Stark,Edric Storm,1
Catelyn Stark,Daryn Hornwood,1
Catelyn Stark,Dagmer,1
Cass,Tyrion Lannister,1
Cass,Stannis Baratheon,1
Cass,Sansa Stark,1
Cass,Samwell Tarly,1
Cass,Qyburn,1
Cass,Merrett Frey,1
Cass,Jon Snow,1
Cass,Jaime Lannister,1
Cass,Fletcher Dick,1
Catelyn Stark,Harrag Sharp,1
Cass,Davos Seaworth,1
Cass,Daenerys Targaryen,1
Cass,Catelyn Stark,1
Captain of the Myraham,Utherydes Wayn,1
Captain of the Myraham,Tyrion Lannister,1
Captain of the Myraham,Theon Greyjoy,1
Captain of the Myraham,Sansa Stark,1
Captain of the Myraham,Robb Stark,1
Captain of the Myraham,Jon Snow,1
Captain of the Myraham,Davos Seaworth,1
Captain of the Myraham,Daenerys Targaryen,1
Captain of the Myraham,Cressen,1
Captain of the Myraham,Catelyn Stark,1
Catelyn Stark,Gevin Harlaw,1
Catelyn Stark,Harsley,1
Catelyn Stark,Ragwyle,1
Catelyn Stark,Margaery Tyrell,1
Catelyn Stark,Pypar,1
Catelyn Stark,Pylos,1
Catelyn Stark,Preston Greenfield,1
Catelyn Stark,Pia,1
Catelyn Stark,Petyr Baelish,1
Catelyn Stark,Patchface,1
Catelyn Stark,Parmen Crane,1
Catelyn Stark,Owen the Oaf,1
Catelyn Stark,Osha,1
Catelyn Stark,Osfryd Kettleblack,1
Catelyn Stark,Mya Stone,1
Catelyn Stark,Matthar,1
Catelyn Stark,Marissa Frey,1
Catelyn Stark,Mance Rayder,1
Catelyn Stark,Jacelyn Bywater,1
Catelyn Stark,Mace Tyrell,1
Catelyn Stark,Lum,1
Catelyn Stark,Loras Tyrell,1
Catelyn Stark,Lommy Greenhands,1
Catelyn Stark,Leonette Fossoway,1
Catelyn Stark,Kevan Lannister,1
Catelyn Stark,Kegs,1
Catelyn Stark,Joss Stilwood,1
Catelyn Stark,Jocelyn Swyft,1
Catelyn Stark,Joanna Lannister,1
Catelyn Stark,Jeyne Westerling,1
Catelyn Stark,Jaremy Rykker,1
Catelyn Stark,Janos Slynt,1
Viserys Targaryen,Will,1
